Handle,Title,Body (HTML),Vendor,Product Category,Type,Tags,Published,Option1 Name,Option1 Value,Option2 Name,Option2 Value,Variant SKU,Variant Grams,Variant Inventory Tracker,Variant Inventory Qty,Variant Inventory Policy,Variant Fulfillment Service,Variant Price,Variant Compare At Price,Variant Requires Shipping,Variant Taxable,Variant Barcode,Image Src,Image Position,Image Alt Text,Gift Card,SEO Title,SEO Description,Google Shopping / Google Product Category,Variant Image,Variant Weight Unit,Cost per item,Status
aura-corset-satin-midi,Aura Corset Satin Midi Dress,"<p>Embrace timeless elegance with the Aura Corset Satin Midi Dress. Crafted from lustrous silk satin, it features precision boning, a sculpted sweetheart neckline, and a fluid midi skirt that graceful moves with every step.</p>",La Vee Atelier,Apparel & Accessories > Clothing > Dresses,Dresses,"NEW ARRIVAL, Silk, Satin, Midi, Corset",TRUE,Color,Black,Size,XS,LV-AURA-COR-BLA-XS,450,shopify,50,deny,manual,189.00,240.00,TRUE,TRUE,,https://images.unsplash.com/photo-1708434034707-0580ada65d8d?crop=entropy&cs=tinysrgb&fit=max&fm=jpg&w=1200,1,Aura Corset Satin Midi Dress in Black,FALSE,Aura Corset Satin Midi Dress | La Vee Atelier,Shop the Aura Corset Satin Midi Dress from La Vee Atelier. Premium craftsmanship and timeless luxury.,Apparel & Accessories > Clothing > Dresses,,kg,,active
aura-corset-satin-midi,,,La Vee Atelier,Apparel & Accessories > Clothing > Dresses,,,TRUE,Color,Black,Size,S,LV-AURA-COR-BLA-S,450,shopify,50,deny,manual,189.00,240.00,TRUE,TRUE,,https://images.unsplash.com/photo-1595777457583-95e059d581b8?crop=entropy&cs=tinysrgb&fit=max&fm=jpg&w=1200,2,Aura Corset Satin Midi Dress in Black,FALSE,,,Apparel & Accessories > Clothing > Dresses,,kg,,active
aura-corset-satin-midi,,,La Vee Atelier,Apparel & Accessories > Clothing > Dresses,,,TRUE,Color,Black,Size,M,LV-AURA-COR-BLA-M,450,shopify,50,deny,manual,189.00,240.00,TRUE,TRUE,,,,,FALSE,,,Apparel & Accessories > Clothing > Dresses,,kg,,active
aura-corset-satin-midi,,,La Vee Atelier,Apparel & Accessories > Clothing > Dresses,,,TRUE,Color,Black,Size,L,LV-AURA-COR-BLA-L,450,shopify,50,deny,manual,189.00,240.00,TRUE,TRUE,,,,,FALSE,,,Apparel & Accessories > Clothing > Dresses,,kg,,active
aura-corset-satin-midi,,,La Vee Atelier,Apparel & Accessories > Clothing > Dresses,,,TRUE,Color,Black,Size,XL,LV-AURA-COR-BLA-XL,450,shopify,50,deny,manual,189.00,240.00,TRUE,TRUE,,,,,FALSE,,,Apparel & Accessories > Clothing > Dresses,,kg,,active
aura-corset-satin-midi,,,La Vee Atelier,Apparel & Accessories > Clothing > Dresses,,,TRUE,Color,Burgundy,Size,XS,LV-AURA-COR-BUR-XS,450,shopify,50,deny,manual,189.00,240.00,TRUE,TRUE,,,,,FALSE,,,Apparel & Accessories > Clothing > Dresses,,kg,,active
aura-corset-satin-midi,,,La Vee Atelier,Apparel & Accessories > Clothing > Dresses,,,TRUE,Color,Burgundy,Size,S,LV-AURA-COR-BUR-S,450,shopify,50,deny,manual,189.00,240.00,TRUE,TRUE,,,,,FALSE,,,Apparel & Accessories > Clothing > Dresses,,kg,,active
aura-corset-satin-midi,,,La Vee Atelier,Apparel & Accessories > Clothing > Dresses,,,TRUE,Color,Burgundy,Size,M,LV-AURA-COR-BUR-M,450,shopify,50,deny,manual,189.00,240.00,TRUE,TRUE,,,,,FALSE,,,Apparel & Accessories > Clothing > Dresses,,kg,,active
aura-corset-satin-midi,,,La Vee Atelier,Apparel & Accessories > Clothing > Dresses,,,TRUE,Color,Burgundy,Size,L,LV-AURA-COR-BUR-L,450,shopify,50,deny,manual,189.00,240.00,TRUE,TRUE,,,,,FALSE,,,Apparel & Accessories > Clothing > Dresses,,kg,,active
aura-corset-satin-midi,,,La Vee Atelier,Apparel & Accessories > Clothing > Dresses,,,TRUE,Color,Burgundy,Size,XL,LV-AURA-COR-BUR-XL,450,shopify,50,deny,manual,189.00,240.00,TRUE,TRUE,,,,,FALSE,,,Apparel & Accessories > Clothing > Dresses,,kg,,active
aura-corset-satin-midi,,,La Vee Atelier,Apparel & Accessories > Clothing > Dresses,,,TRUE,Color,Olive,Size,XS,LV-AURA-COR-OLI-XS,450,shopify,50,deny,manual,189.00,240.00,TRUE,TRUE,,,,,FALSE,,,Apparel & Accessories > Clothing > Dresses,,kg,,active
aura-corset-satin-midi,,,La Vee Atelier,Apparel & Accessories > Clothing > Dresses,,,TRUE,Color,Olive,Size,S,LV-AURA-COR-OLI-S,450,shopify,50,deny,manual,189.00,240.00,TRUE,TRUE,,,,,FALSE,,,Apparel & Accessories > Clothing > Dresses,,kg,,active
aura-corset-satin-midi,,,La Vee Atelier,Apparel & Accessories > Clothing > Dresses,,,TRUE,Color,Olive,Size,M,LV-AURA-COR-OLI-M,450,shopify,50,deny,manual,189.00,240.00,TRUE,TRUE,,,,,FALSE,,,Apparel & Accessories > Clothing > Dresses,,kg,,active
aura-corset-satin-midi,,,La Vee Atelier,Apparel & Accessories > Clothing > Dresses,,,TRUE,Color,Olive,Size,L,LV-AURA-COR-OLI-L,450,shopify,50,deny,manual,189.00,240.00,TRUE,TRUE,,,,,FALSE,,,Apparel & Accessories > Clothing > Dresses,,kg,,active
aura-corset-satin-midi,,,La Vee Atelier,Apparel & Accessories > Clothing > Dresses,,,TRUE,Color,Olive,Size,XL,LV-AURA-COR-OLI-XL,450,shopify,50,deny,manual,189.00,240.00,TRUE,TRUE,,,,,FALSE,,,Apparel & Accessories > Clothing > Dresses,,kg,,active
aura-corset-satin-midi,,,La Vee Atelier,Apparel & Accessories > Clothing > Dresses,,,TRUE,Color,Blush,Size,XS,LV-AURA-COR-BLU-XS,450,shopify,50,deny,manual,189.00,240.00,TRUE,TRUE,,,,,FALSE,,,Apparel & Accessories > Clothing > Dresses,,kg,,active
aura-corset-satin-midi,,,La Vee Atelier,Apparel & Accessories > Clothing > Dresses,,,TRUE,Color,Blush,Size,S,LV-AURA-COR-BLU-S,450,shopify,50,deny,manual,189.00,240.00,TRUE,TRUE,,,,,FALSE,,,Apparel & Accessories > Clothing > Dresses,,kg,,active
aura-corset-satin-midi,,,La Vee Atelier,Apparel & Accessories > Clothing > Dresses,,,TRUE,Color,Blush,Size,M,LV-AURA-COR-BLU-M,450,shopify,50,deny,manual,189.00,240.00,TRUE,TRUE,,,,,FALSE,,,Apparel & Accessories > Clothing > Dresses,,kg,,active
aura-corset-satin-midi,,,La Vee Atelier,Apparel & Accessories > Clothing > Dresses,,,TRUE,Color,Blush,Size,L,LV-AURA-COR-BLU-L,450,shopify,50,deny,manual,189.00,240.00,TRUE,TRUE,,,,,FALSE,,,Apparel & Accessories > Clothing > Dresses,,kg,,active
aura-corset-satin-midi,,,La Vee Atelier,Apparel & Accessories > Clothing > Dresses,,,TRUE,Color,Blush,Size,XL,LV-AURA-COR-BLU-XL,450,shopify,50,deny,manual,189.00,240.00,TRUE,TRUE,,,,,FALSE,,,Apparel & Accessories > Clothing > Dresses,,kg,,active
naima-hand-beaded-gown,Naima Hand-Beaded Crystal Gown,"<p>A show-stopping masterpiece. The Naima Gown is meticulously hand-beaded with shimmering crystals and glass bugle beads over delicate tulle, creating an ethereal sparkle under evening lights.</p>",La Vee Atelier,Apparel & Accessories > Clothing > Dresses,Gowns,"LIMITED, Gowns, Crystal, Hand-Beaded, Eveningwear",TRUE,Color,Black,Size,34,LV-NAIMA-HA-BLA-34,450,shopify,50,deny,manual,850.00,1100.00,TRUE,TRUE,,https://images.unsplash.com/photo-1566174053879-31528523f8ae?crop=entropy&cs=tinysrgb&fit=max&fm=jpg&w=1200,1,Naima Hand-Beaded Crystal Gown in Black,FALSE,Naima Hand-Beaded Crystal Gown | La Vee Atelier,Shop the Naima Hand-Beaded Crystal Gown from La Vee Atelier. Premium craftsmanship and timeless luxury.,Apparel & Accessories > Clothing > Dresses,,kg,,active
naima-hand-beaded-gown,,,La Vee Atelier,Apparel & Accessories > Clothing > Dresses,,,TRUE,Color,Black,Size,36,LV-NAIMA-HA-BLA-36,450,shopify,50,deny,manual,850.00,1100.00,TRUE,TRUE,,https://images.unsplash.com/photo-1572804013309-59a88b7e92f1?crop=entropy&cs=tinysrgb&fit=max&fm=jpg&w=1200,2,Naima Hand-Beaded Crystal Gown in Black,FALSE,,,Apparel & Accessories > Clothing > Dresses,,kg,,active
naima-hand-beaded-gown,,,La Vee Atelier,Apparel & Accessories > Clothing > Dresses,,,TRUE,Color,Black,Size,38,LV-NAIMA-HA-BLA-38,450,shopify,50,deny,manual,850.00,1100.00,TRUE,TRUE,,,,,FALSE,,,Apparel & Accessories > Clothing > Dresses,,kg,,active
naima-hand-beaded-gown,,,La Vee Atelier,Apparel & Accessories > Clothing > Dresses,,,TRUE,Color,Black,Size,40,LV-NAIMA-HA-BLA-40,450,shopify,50,deny,manual,850.00,1100.00,TRUE,TRUE,,,,,FALSE,,,Apparel & Accessories > Clothing > Dresses,,kg,,active
naima-hand-beaded-gown,,,La Vee Atelier,Apparel & Accessories > Clothing > Dresses,,,TRUE,Color,Black,Size,42,LV-NAIMA-HA-BLA-42,450,shopify,50,deny,manual,850.00,1100.00,TRUE,TRUE,,,,,FALSE,,,Apparel & Accessories > Clothing > Dresses,,kg,,active
naima-hand-beaded-gown,,,La Vee Atelier,Apparel & Accessories > Clothing > Dresses,,,TRUE,Color,Burgundy,Size,34,LV-NAIMA-HA-BUR-34,450,shopify,50,deny,manual,850.00,1100.00,TRUE,TRUE,,,,,FALSE,,,Apparel & Accessories > Clothing > Dresses,,kg,,active
naima-hand-beaded-gown,,,La Vee Atelier,Apparel & Accessories > Clothing > Dresses,,,TRUE,Color,Burgundy,Size,36,LV-NAIMA-HA-BUR-36,450,shopify,50,deny,manual,850.00,1100.00,TRUE,TRUE,,,,,FALSE,,,Apparel & Accessories > Clothing > Dresses,,kg,,active
naima-hand-beaded-gown,,,La Vee Atelier,Apparel & Accessories > Clothing > Dresses,,,TRUE,Color,Burgundy,Size,38,LV-NAIMA-HA-BUR-38,450,shopify,50,deny,manual,850.00,1100.00,TRUE,TRUE,,,,,FALSE,,,Apparel & Accessories > Clothing > Dresses,,kg,,active
naima-hand-beaded-gown,,,La Vee Atelier,Apparel & Accessories > Clothing > Dresses,,,TRUE,Color,Burgundy,Size,40,LV-NAIMA-HA-BUR-40,450,shopify,50,deny,manual,850.00,1100.00,TRUE,TRUE,,,,,FALSE,,,Apparel & Accessories > Clothing > Dresses,,kg,,active
naima-hand-beaded-gown,,,La Vee Atelier,Apparel & Accessories > Clothing > Dresses,,,TRUE,Color,Burgundy,Size,42,LV-NAIMA-HA-BUR-42,450,shopify,50,deny,manual,850.00,1100.00,TRUE,TRUE,,,,,FALSE,,,Apparel & Accessories > Clothing > Dresses,,kg,,active
naima-hand-beaded-gown,,,La Vee Atelier,Apparel & Accessories > Clothing > Dresses,,,TRUE,Color,Champagne,Size,34,LV-NAIMA-HA-CHA-34,450,shopify,50,deny,manual,850.00,1100.00,TRUE,TRUE,,,,,FALSE,,,Apparel & Accessories > Clothing > Dresses,,kg,,active
naima-hand-beaded-gown,,,La Vee Atelier,Apparel & Accessories > Clothing > Dresses,,,TRUE,Color,Champagne,Size,36,LV-NAIMA-HA-CHA-36,450,shopify,50,deny,manual,850.00,1100.00,TRUE,TRUE,,,,,FALSE,,,Apparel & Accessories > Clothing > Dresses,,kg,,active
naima-hand-beaded-gown,,,La Vee Atelier,Apparel & Accessories > Clothing > Dresses,,,TRUE,Color,Champagne,Size,38,LV-NAIMA-HA-CHA-38,450,shopify,50,deny,manual,850.00,1100.00,TRUE,TRUE,,,,,FALSE,,,Apparel & Accessories > Clothing > Dresses,,kg,,active
naima-hand-beaded-gown,,,La Vee Atelier,Apparel & Accessories > Clothing > Dresses,,,TRUE,Color,Champagne,Size,40,LV-NAIMA-HA-CHA-40,450,shopify,50,deny,manual,850.00,1100.00,TRUE,TRUE,,,,,FALSE,,,Apparel & Accessories > Clothing > Dresses,,kg,,active
naima-hand-beaded-gown,,,La Vee Atelier,Apparel & Accessories > Clothing > Dresses,,,TRUE,Color,Champagne,Size,42,LV-NAIMA-HA-CHA-42,450,shopify,50,deny,manual,850.00,1100.00,TRUE,TRUE,,,,,FALSE,,,Apparel & Accessories > Clothing > Dresses,,kg,,active
naima-hand-beaded-gown,,,La Vee Atelier,Apparel & Accessories > Clothing > Dresses,,,TRUE,Color,Ivory,Size,34,LV-NAIMA-HA-IVO-34,450,shopify,50,deny,manual,850.00,1100.00,TRUE,TRUE,,,,,FALSE,,,Apparel & Accessories > Clothing > Dresses,,kg,,active
naima-hand-beaded-gown,,,La Vee Atelier,Apparel & Accessories > Clothing > Dresses,,,TRUE,Color,Ivory,Size,36,LV-NAIMA-HA-IVO-36,450,shopify,50,deny,manual,850.00,1100.00,TRUE,TRUE,,,,,FALSE,,,Apparel & Accessories > Clothing > Dresses,,kg,,active
naima-hand-beaded-gown,,,La Vee Atelier,Apparel & Accessories > Clothing > Dresses,,,TRUE,Color,Ivory,Size,38,LV-NAIMA-HA-IVO-38,450,shopify,50,deny,manual,850.00,1100.00,TRUE,TRUE,,,,,FALSE,,,Apparel & Accessories > Clothing > Dresses,,kg,,active
naima-hand-beaded-gown,,,La Vee Atelier,Apparel & Accessories > Clothing > Dresses,,,TRUE,Color,Ivory,Size,40,LV-NAIMA-HA-IVO-40,450,shopify,50,deny,manual,850.00,1100.00,TRUE,TRUE,,,,,FALSE,,,Apparel & Accessories > Clothing > Dresses,,kg,,active
naima-hand-beaded-gown,,,La Vee Atelier,Apparel & Accessories > Clothing > Dresses,,,TRUE,Color,Ivory,Size,42,LV-NAIMA-HA-IVO-42,450,shopify,50,deny,manual,850.00,1100.00,TRUE,TRUE,,,,,FALSE,,,Apparel & Accessories > Clothing > Dresses,,kg,,active
zahra-tailored-blazer,Zahra Double-Breasted Tailored Blazer,"<p>Power dressing redefined. The Zahra Blazer features sharp lapels, structured padded shoulders, and custom La Vee horn buttons in a premium wool-blend fabrication.</p>",La Vee Atelier,Apparel & Accessories > Clothing > Dresses,Blazers,"BESTSELLER, Blazer, Tailored, Outerwear",TRUE,Color,Ivory,Size,XS,LV-ZAHRA-TA-IVO-XS,450,shopify,50,deny,manual,620.00,,TRUE,TRUE,,https://images.unsplash.com/photo-1539109136881-3be0616acf4b?crop=entropy&cs=tinysrgb&fit=max&fm=jpg&w=1200,1,Zahra Double-Breasted Tailored Blazer in Ivory,FALSE,Zahra Double-Breasted Tailored Blazer | La Vee Atelier,Shop the Zahra Double-Breasted Tailored Blazer from La Vee Atelier. Premium craftsmanship and timeless luxury.,Apparel & Accessories > Clothing > Dresses,,kg,,active
zahra-tailored-blazer,,,La Vee Atelier,Apparel & Accessories > Clothing > Dresses,,,TRUE,Color,Ivory,Size,S,LV-ZAHRA-TA-IVO-S,450,shopify,50,deny,manual,620.00,,TRUE,TRUE,,https://images.unsplash.com/photo-1515886657613-9f3515b0c78f?crop=entropy&cs=tinysrgb&fit=max&fm=jpg&w=1200,2,Zahra Double-Breasted Tailored Blazer in Ivory,FALSE,,,Apparel & Accessories > Clothing > Dresses,,kg,,active
zahra-tailored-blazer,,,La Vee Atelier,Apparel & Accessories > Clothing > Dresses,,,TRUE,Color,Ivory,Size,M,LV-ZAHRA-TA-IVO-M,450,shopify,50,deny,manual,620.00,,TRUE,TRUE,,,,,FALSE,,,Apparel & Accessories > Clothing > Dresses,,kg,,active
zahra-tailored-blazer,,,La Vee Atelier,Apparel & Accessories > Clothing > Dresses,,,TRUE,Color,Ivory,Size,L,LV-ZAHRA-TA-IVO-L,450,shopify,50,deny,manual,620.00,,TRUE,TRUE,,,,,FALSE,,,Apparel & Accessories > Clothing > Dresses,,kg,,active
zahra-tailored-blazer,,,La Vee Atelier,Apparel & Accessories > Clothing > Dresses,,,TRUE,Color,Ivory,Size,XL,LV-ZAHRA-TA-IVO-XL,450,shopify,50,deny,manual,620.00,,TRUE,TRUE,,,,,FALSE,,,Apparel & Accessories > Clothing > Dresses,,kg,,active
zahra-tailored-blazer,,,La Vee Atelier,Apparel & Accessories > Clothing > Dresses,,,TRUE,Color,Black,Size,XS,LV-ZAHRA-TA-BLA-XS,450,shopify,50,deny,manual,620.00,,TRUE,TRUE,,,,,FALSE,,,Apparel & Accessories > Clothing > Dresses,,kg,,active
zahra-tailored-blazer,,,La Vee Atelier,Apparel & Accessories > Clothing > Dresses,,,TRUE,Color,Black,Size,S,LV-ZAHRA-TA-BLA-S,450,shopify,50,deny,manual,620.00,,TRUE,TRUE,,,,,FALSE,,,Apparel & Accessories > Clothing > Dresses,,kg,,active
zahra-tailored-blazer,,,La Vee Atelier,Apparel & Accessories > Clothing > Dresses,,,TRUE,Color,Black,Size,M,LV-ZAHRA-TA-BLA-M,450,shopify,50,deny,manual,620.00,,TRUE,TRUE,,,,,FALSE,,,Apparel & Accessories > Clothing > Dresses,,kg,,active
zahra-tailored-blazer,,,La Vee Atelier,Apparel & Accessories > Clothing > Dresses,,,TRUE,Color,Black,Size,L,LV-ZAHRA-TA-BLA-L,450,shopify,50,deny,manual,620.00,,TRUE,TRUE,,,,,FALSE,,,Apparel & Accessories > Clothing > Dresses,,kg,,active
zahra-tailored-blazer,,,La Vee Atelier,Apparel & Accessories > Clothing > Dresses,,,TRUE,Color,Black,Size,XL,LV-ZAHRA-TA-BLA-XL,450,shopify,50,deny,manual,620.00,,TRUE,TRUE,,,,,FALSE,,,Apparel & Accessories > Clothing > Dresses,,kg,,active
zahra-tailored-blazer,,,La Vee Atelier,Apparel & Accessories > Clothing > Dresses,,,TRUE,Color,Navy,Size,XS,LV-ZAHRA-TA-NAV-XS,450,shopify,50,deny,manual,620.00,,TRUE,TRUE,,,,,FALSE,,,Apparel & Accessories > Clothing > Dresses,,kg,,active
zahra-tailored-blazer,,,La Vee Atelier,Apparel & Accessories > Clothing > Dresses,,,TRUE,Color,Navy,Size,S,LV-ZAHRA-TA-NAV-S,450,shopify,50,deny,manual,620.00,,TRUE,TRUE,,,,,FALSE,,,Apparel & Accessories > Clothing > Dresses,,kg,,active
zahra-tailored-blazer,,,La Vee Atelier,Apparel & Accessories > Clothing > Dresses,,,TRUE,Color,Navy,Size,M,LV-ZAHRA-TA-NAV-M,450,shopify,50,deny,manual,620.00,,TRUE,TRUE,,,,,FALSE,,,Apparel & Accessories > Clothing > Dresses,,kg,,active
zahra-tailored-blazer,,,La Vee Atelier,Apparel & Accessories > Clothing > Dresses,,,TRUE,Color,Navy,Size,L,LV-ZAHRA-TA-NAV-L,450,shopify,50,deny,manual,620.00,,TRUE,TRUE,,,,,FALSE,,,Apparel & Accessories > Clothing > Dresses,,kg,,active
zahra-tailored-blazer,,,La Vee Atelier,Apparel & Accessories > Clothing > Dresses,,,TRUE,Color,Navy,Size,XL,LV-ZAHRA-TA-NAV-XL,450,shopify,50,deny,manual,620.00,,TRUE,TRUE,,,,,FALSE,,,Apparel & Accessories > Clothing > Dresses,,kg,,active
celeste-velvet-corset,Celeste Velvet Boned Corset Top,"<p>Dramatic and sensual. The Celeste Corset is crafted from rich plush velvet with internal flexible boning, an architectural square neckline, and a lace-up back closure.</p>",La Vee Atelier,Apparel & Accessories > Clothing > Dresses,Tops,"NEW ARRIVAL, Velvet, Corset, Tops",TRUE,Color,Burgundy,Size,XXS,LV-CELESTE--BUR-XXS,450,shopify,50,deny,manual,380.00,450.00,TRUE,TRUE,,https://images.unsplash.com/photo-1710090411838-5f846e289b2e?crop=entropy&cs=tinysrgb&fit=max&fm=jpg&w=1200,1,Celeste Velvet Boned Corset Top in Burgundy,FALSE,Celeste Velvet Boned Corset Top | La Vee Atelier,Shop the Celeste Velvet Boned Corset Top from La Vee Atelier. Premium craftsmanship and timeless luxury.,Apparel & Accessories > Clothing > Dresses,,kg,,active
celeste-velvet-corset,,,La Vee Atelier,Apparel & Accessories > Clothing > Dresses,,,TRUE,Color,Burgundy,Size,XS,LV-CELESTE--BUR-XS,450,shopify,50,deny,manual,380.00,450.00,TRUE,TRUE,,https://images.unsplash.com/photo-1550639525-c97d455acf70?crop=entropy&cs=tinysrgb&fit=max&fm=jpg&w=1200,2,Celeste Velvet Boned Corset Top in Burgundy,FALSE,,,Apparel & Accessories > Clothing > Dresses,,kg,,active
celeste-velvet-corset,,,La Vee Atelier,Apparel & Accessories > Clothing > Dresses,,,TRUE,Color,Burgundy,Size,S,LV-CELESTE--BUR-S,450,shopify,50,deny,manual,380.00,450.00,TRUE,TRUE,,,,,FALSE,,,Apparel & Accessories > Clothing > Dresses,,kg,,active
celeste-velvet-corset,,,La Vee Atelier,Apparel & Accessories > Clothing > Dresses,,,TRUE,Color,Burgundy,Size,M,LV-CELESTE--BUR-M,450,shopify,50,deny,manual,380.00,450.00,TRUE,TRUE,,,,,FALSE,,,Apparel & Accessories > Clothing > Dresses,,kg,,active
celeste-velvet-corset,,,La Vee Atelier,Apparel & Accessories > Clothing > Dresses,,,TRUE,Color,Burgundy,Size,L,LV-CELESTE--BUR-L,450,shopify,50,deny,manual,380.00,450.00,TRUE,TRUE,,,,,FALSE,,,Apparel & Accessories > Clothing > Dresses,,kg,,active
celeste-velvet-corset,,,La Vee Atelier,Apparel & Accessories > Clothing > Dresses,,,TRUE,Color,Burgundy,Size,XL,LV-CELESTE--BUR-XL,450,shopify,50,deny,manual,380.00,450.00,TRUE,TRUE,,,,,FALSE,,,Apparel & Accessories > Clothing > Dresses,,kg,,active
celeste-velvet-corset,,,La Vee Atelier,Apparel & Accessories > Clothing > Dresses,,,TRUE,Color,Black,Size,XXS,LV-CELESTE--BLA-XXS,450,shopify,50,deny,manual,380.00,450.00,TRUE,TRUE,,,,,FALSE,,,Apparel & Accessories > Clothing > Dresses,,kg,,active
celeste-velvet-corset,,,La Vee Atelier,Apparel & Accessories > Clothing > Dresses,,,TRUE,Color,Black,Size,XS,LV-CELESTE--BLA-XS,450,shopify,50,deny,manual,380.00,450.00,TRUE,TRUE,,,,,FALSE,,,Apparel & Accessories > Clothing > Dresses,,kg,,active
celeste-velvet-corset,,,La Vee Atelier,Apparel & Accessories > Clothing > Dresses,,,TRUE,Color,Black,Size,S,LV-CELESTE--BLA-S,450,shopify,50,deny,manual,380.00,450.00,TRUE,TRUE,,,,,FALSE,,,Apparel & Accessories > Clothing > Dresses,,kg,,active
celeste-velvet-corset,,,La Vee Atelier,Apparel & Accessories > Clothing > Dresses,,,TRUE,Color,Black,Size,M,LV-CELESTE--BLA-M,450,shopify,50,deny,manual,380.00,450.00,TRUE,TRUE,,,,,FALSE,,,Apparel & Accessories > Clothing > Dresses,,kg,,active
celeste-velvet-corset,,,La Vee Atelier,Apparel & Accessories > Clothing > Dresses,,,TRUE,Color,Black,Size,L,LV-CELESTE--BLA-L,450,shopify,50,deny,manual,380.00,450.00,TRUE,TRUE,,,,,FALSE,,,Apparel & Accessories > Clothing > Dresses,,kg,,active
celeste-velvet-corset,,,La Vee Atelier,Apparel & Accessories > Clothing > Dresses,,,TRUE,Color,Black,Size,XL,LV-CELESTE--BLA-XL,450,shopify,50,deny,manual,380.00,450.00,TRUE,TRUE,,,,,FALSE,,,Apparel & Accessories > Clothing > Dresses,,kg,,active
celeste-velvet-corset,,,La Vee Atelier,Apparel & Accessories > Clothing > Dresses,,,TRUE,Color,Olive,Size,XXS,LV-CELESTE--OLI-XXS,450,shopify,50,deny,manual,380.00,450.00,TRUE,TRUE,,,,,FALSE,,,Apparel & Accessories > Clothing > Dresses,,kg,,active
celeste-velvet-corset,,,La Vee Atelier,Apparel & Accessories > Clothing > Dresses,,,TRUE,Color,Olive,Size,XS,LV-CELESTE--OLI-XS,450,shopify,50,deny,manual,380.00,450.00,TRUE,TRUE,,,,,FALSE,,,Apparel & Accessories > Clothing > Dresses,,kg,,active
celeste-velvet-corset,,,La Vee Atelier,Apparel & Accessories > Clothing > Dresses,,,TRUE,Color,Olive,Size,S,LV-CELESTE--OLI-S,450,shopify,50,deny,manual,380.00,450.00,TRUE,TRUE,,,,,FALSE,,,Apparel & Accessories > Clothing > Dresses,,kg,,active
celeste-velvet-corset,,,La Vee Atelier,Apparel & Accessories > Clothing > Dresses,,,TRUE,Color,Olive,Size,M,LV-CELESTE--OLI-M,450,shopify,50,deny,manual,380.00,450.00,TRUE,TRUE,,,,,FALSE,,,Apparel & Accessories > Clothing > Dresses,,kg,,active
celeste-velvet-corset,,,La Vee Atelier,Apparel & Accessories > Clothing > Dresses,,,TRUE,Color,Olive,Size,L,LV-CELESTE--OLI-L,450,shopify,50,deny,manual,380.00,450.00,TRUE,TRUE,,,,,FALSE,,,Apparel & Accessories > Clothing > Dresses,,kg,,active
celeste-velvet-corset,,,La Vee Atelier,Apparel & Accessories > Clothing > Dresses,,,TRUE,Color,Olive,Size,XL,LV-CELESTE--OLI-XL,450,shopify,50,deny,manual,380.00,450.00,TRUE,TRUE,,,,,FALSE,,,Apparel & Accessories > Clothing > Dresses,,kg,,active
celeste-velvet-corset,,,La Vee Atelier,Apparel & Accessories > Clothing > Dresses,,,TRUE,Color,Blush,Size,XXS,LV-CELESTE--BLU-XXS,450,shopify,50,deny,manual,380.00,450.00,TRUE,TRUE,,,,,FALSE,,,Apparel & Accessories > Clothing > Dresses,,kg,,active
celeste-velvet-corset,,,La Vee Atelier,Apparel & Accessories > Clothing > Dresses,,,TRUE,Color,Blush,Size,XS,LV-CELESTE--BLU-XS,450,shopify,50,deny,manual,380.00,450.00,TRUE,TRUE,,,,,FALSE,,,Apparel & Accessories > Clothing > Dresses,,kg,,active
celeste-velvet-corset,,,La Vee Atelier,Apparel & Accessories > Clothing > Dresses,,,TRUE,Color,Blush,Size,S,LV-CELESTE--BLU-S,450,shopify,50,deny,manual,380.00,450.00,TRUE,TRUE,,,,,FALSE,,,Apparel & Accessories > Clothing > Dresses,,kg,,active
celeste-velvet-corset,,,La Vee Atelier,Apparel & Accessories > Clothing > Dresses,,,TRUE,Color,Blush,Size,M,LV-CELESTE--BLU-M,450,shopify,50,deny,manual,380.00,450.00,TRUE,TRUE,,,,,FALSE,,,Apparel & Accessories > Clothing > Dresses,,kg,,active
celeste-velvet-corset,,,La Vee Atelier,Apparel & Accessories > Clothing > Dresses,,,TRUE,Color,Blush,Size,L,LV-CELESTE--BLU-L,450,shopify,50,deny,manual,380.00,450.00,TRUE,TRUE,,,,,FALSE,,,Apparel & Accessories > Clothing > Dresses,,kg,,active
celeste-velvet-corset,,,La Vee Atelier,Apparel & Accessories > Clothing > Dresses,,,TRUE,Color,Blush,Size,XL,LV-CELESTE--BLU-XL,450,shopify,50,deny,manual,380.00,450.00,TRUE,TRUE,,,,,FALSE,,,Apparel & Accessories > Clothing > Dresses,,kg,,active
lysa-draped-silk-slip,Lysa Draped Silk Slip Maxi,"<p>Pure minimalist luxury. Cut on the bias from heavy Mulberry silk satin, the Lysa Slip features cowl neckline detailing and fluid movement down to the floor.</p>",La Vee Atelier,Apparel & Accessories > Clothing > Dresses,Dresses,"NEW ARRIVAL, Silk, Maxi, Minimalist",TRUE,Color,Champagne,Size,XS,LV-LYSA-DRA-CHA-XS,450,shopify,50,deny,manual,420.00,,TRUE,TRUE,,https://images.unsplash.com/photo-1515372039744-b8f02a3ae446?crop=entropy&cs=tinysrgb&fit=max&fm=jpg&w=1200,1,Lysa Draped Silk Slip Maxi in Champagne,FALSE,Lysa Draped Silk Slip Maxi | La Vee Atelier,Shop the Lysa Draped Silk Slip Maxi from La Vee Atelier. Premium craftsmanship and timeless luxury.,Apparel & Accessories > Clothing > Dresses,,kg,,active
lysa-draped-silk-slip,,,La Vee Atelier,Apparel & Accessories > Clothing > Dresses,,,TRUE,Color,Champagne,Size,S,LV-LYSA-DRA-CHA-S,450,shopify,50,deny,manual,420.00,,TRUE,TRUE,,https://images.unsplash.com/photo-1496747611176-843222e1e57c?crop=entropy&cs=tinysrgb&fit=max&fm=jpg&w=1200,2,Lysa Draped Silk Slip Maxi in Champagne,FALSE,,,Apparel & Accessories > Clothing > Dresses,,kg,,active
lysa-draped-silk-slip,,,La Vee Atelier,Apparel & Accessories > Clothing > Dresses,,,TRUE,Color,Champagne,Size,M,LV-LYSA-DRA-CHA-M,450,shopify,50,deny,manual,420.00,,TRUE,TRUE,,,,,FALSE,,,Apparel & Accessories > Clothing > Dresses,,kg,,active
lysa-draped-silk-slip,,,La Vee Atelier,Apparel & Accessories > Clothing > Dresses,,,TRUE,Color,Champagne,Size,L,LV-LYSA-DRA-CHA-L,450,shopify,50,deny,manual,420.00,,TRUE,TRUE,,,,,FALSE,,,Apparel & Accessories > Clothing > Dresses,,kg,,active
lysa-draped-silk-slip,,,La Vee Atelier,Apparel & Accessories > Clothing > Dresses,,,TRUE,Color,Black,Size,XS,LV-LYSA-DRA-BLA-XS,450,shopify,50,deny,manual,420.00,,TRUE,TRUE,,,,,FALSE,,,Apparel & Accessories > Clothing > Dresses,,kg,,active
lysa-draped-silk-slip,,,La Vee Atelier,Apparel & Accessories > Clothing > Dresses,,,TRUE,Color,Black,Size,S,LV-LYSA-DRA-BLA-S,450,shopify,50,deny,manual,420.00,,TRUE,TRUE,,,,,FALSE,,,Apparel & Accessories > Clothing > Dresses,,kg,,active
lysa-draped-silk-slip,,,La Vee Atelier,Apparel & Accessories > Clothing > Dresses,,,TRUE,Color,Black,Size,M,LV-LYSA-DRA-BLA-M,450,shopify,50,deny,manual,420.00,,TRUE,TRUE,,,,,FALSE,,,Apparel & Accessories > Clothing > Dresses,,kg,,active
lysa-draped-silk-slip,,,La Vee Atelier,Apparel & Accessories > Clothing > Dresses,,,TRUE,Color,Black,Size,L,LV-LYSA-DRA-BLA-L,450,shopify,50,deny,manual,420.00,,TRUE,TRUE,,,,,FALSE,,,Apparel & Accessories > Clothing > Dresses,,kg,,active
lysa-draped-silk-slip,,,La Vee Atelier,Apparel & Accessories > Clothing > Dresses,,,TRUE,Color,Olive,Size,XS,LV-LYSA-DRA-OLI-XS,450,shopify,50,deny,manual,420.00,,TRUE,TRUE,,,,,FALSE,,,Apparel & Accessories > Clothing > Dresses,,kg,,active
lysa-draped-silk-slip,,,La Vee Atelier,Apparel & Accessories > Clothing > Dresses,,,TRUE,Color,Olive,Size,S,LV-LYSA-DRA-OLI-S,450,shopify,50,deny,manual,420.00,,TRUE,TRUE,,,,,FALSE,,,Apparel & Accessories > Clothing > Dresses,,kg,,active
lysa-draped-silk-slip,,,La Vee Atelier,Apparel & Accessories > Clothing > Dresses,,,TRUE,Color,Olive,Size,M,LV-LYSA-DRA-OLI-M,450,shopify,50,deny,manual,420.00,,TRUE,TRUE,,,,,FALSE,,,Apparel & Accessories > Clothing > Dresses,,kg,,active
lysa-draped-silk-slip,,,La Vee Atelier,Apparel & Accessories > Clothing > Dresses,,,TRUE,Color,Olive,Size,L,LV-LYSA-DRA-OLI-L,450,shopify,50,deny,manual,420.00,,TRUE,TRUE,,,,,FALSE,,,Apparel & Accessories > Clothing > Dresses,,kg,,active
lysa-draped-silk-slip,,,La Vee Atelier,Apparel & Accessories > Clothing > Dresses,,,TRUE,Color,Blush,Size,XS,LV-LYSA-DRA-BLU-XS,450,shopify,50,deny,manual,420.00,,TRUE,TRUE,,,,,FALSE,,,Apparel & Accessories > Clothing > Dresses,,kg,,active
lysa-draped-silk-slip,,,La Vee Atelier,Apparel & Accessories > Clothing > Dresses,,,TRUE,Color,Blush,Size,S,LV-LYSA-DRA-BLU-S,450,shopify,50,deny,manual,420.00,,TRUE,TRUE,,,,,FALSE,,,Apparel & Accessories > Clothing > Dresses,,kg,,active
lysa-draped-silk-slip,,,La Vee Atelier,Apparel & Accessories > Clothing > Dresses,,,TRUE,Color,Blush,Size,M,LV-LYSA-DRA-BLU-M,450,shopify,50,deny,manual,420.00,,TRUE,TRUE,,,,,FALSE,,,Apparel & Accessories > Clothing > Dresses,,kg,,active
lysa-draped-silk-slip,,,La Vee Atelier,Apparel & Accessories > Clothing > Dresses,,,TRUE,Color,Blush,Size,L,LV-LYSA-DRA-BLU-L,450,shopify,50,deny,manual,420.00,,TRUE,TRUE,,,,,FALSE,,,Apparel & Accessories > Clothing > Dresses,,kg,,active
solene-pleated-evening-gown,Solene Pleated Chiffon Evening Gown,<p>Ethereal motion. Micro-pleated silk chiffon draping into a dramatic floor-sweeping silhouette with delicate spaghetti straps and exposed open back.</p>,La Vee Atelier,Apparel & Accessories > Clothing > Dresses,Gowns,"LIMITED, Eveningwear, Gowns, Chiffon",TRUE,Color,Burgundy,Size,XS,LV-SOLENE-P-BUR-XS,450,shopify,50,deny,manual,920.00,1200.00,TRUE,TRUE,,https://images.unsplash.com/photo-1529139574466-a303027c1d8b?crop=entropy&cs=tinysrgb&fit=max&fm=jpg&w=1200,1,Solene Pleated Chiffon Evening Gown in Burgundy,FALSE,Solene Pleated Chiffon Evening Gown | La Vee Atelier,Shop the Solene Pleated Chiffon Evening Gown from La Vee Atelier. Premium craftsmanship and timeless luxury.,Apparel & Accessories > Clothing > Dresses,,kg,,active
solene-pleated-evening-gown,,,La Vee Atelier,Apparel & Accessories > Clothing > Dresses,,,TRUE,Color,Burgundy,Size,S,LV-SOLENE-P-BUR-S,450,shopify,50,deny,manual,920.00,1200.00,TRUE,TRUE,,https://images.unsplash.com/photo-1490481651871-ab68de25d43d?crop=entropy&cs=tinysrgb&fit=max&fm=jpg&w=1200,2,Solene Pleated Chiffon Evening Gown in Burgundy,FALSE,,,Apparel & Accessories > Clothing > Dresses,,kg,,active
solene-pleated-evening-gown,,,La Vee Atelier,Apparel & Accessories > Clothing > Dresses,,,TRUE,Color,Burgundy,Size,M,LV-SOLENE-P-BUR-M,450,shopify,50,deny,manual,920.00,1200.00,TRUE,TRUE,,,,,FALSE,,,Apparel & Accessories > Clothing > Dresses,,kg,,active
solene-pleated-evening-gown,,,La Vee Atelier,Apparel & Accessories > Clothing > Dresses,,,TRUE,Color,Burgundy,Size,L,LV-SOLENE-P-BUR-L,450,shopify,50,deny,manual,920.00,1200.00,TRUE,TRUE,,,,,FALSE,,,Apparel & Accessories > Clothing > Dresses,,kg,,active
solene-pleated-evening-gown,,,La Vee Atelier,Apparel & Accessories > Clothing > Dresses,,,TRUE,Color,Burgundy,Size,XL,LV-SOLENE-P-BUR-XL,450,shopify,50,deny,manual,920.00,1200.00,TRUE,TRUE,,,,,FALSE,,,Apparel & Accessories > Clothing > Dresses,,kg,,active
solene-pleated-evening-gown,,,La Vee Atelier,Apparel & Accessories > Clothing > Dresses,,,TRUE,Color,Black,Size,XS,LV-SOLENE-P-BLA-XS,450,shopify,50,deny,manual,920.00,1200.00,TRUE,TRUE,,,,,FALSE,,,Apparel & Accessories > Clothing > Dresses,,kg,,active
solene-pleated-evening-gown,,,La Vee Atelier,Apparel & Accessories > Clothing > Dresses,,,TRUE,Color,Black,Size,S,LV-SOLENE-P-BLA-S,450,shopify,50,deny,manual,920.00,1200.00,TRUE,TRUE,,,,,FALSE,,,Apparel & Accessories > Clothing > Dresses,,kg,,active
solene-pleated-evening-gown,,,La Vee Atelier,Apparel & Accessories > Clothing > Dresses,,,TRUE,Color,Black,Size,M,LV-SOLENE-P-BLA-M,450,shopify,50,deny,manual,920.00,1200.00,TRUE,TRUE,,,,,FALSE,,,Apparel & Accessories > Clothing > Dresses,,kg,,active
solene-pleated-evening-gown,,,La Vee Atelier,Apparel & Accessories > Clothing > Dresses,,,TRUE,Color,Black,Size,L,LV-SOLENE-P-BLA-L,450,shopify,50,deny,manual,920.00,1200.00,TRUE,TRUE,,,,,FALSE,,,Apparel & Accessories > Clothing > Dresses,,kg,,active
solene-pleated-evening-gown,,,La Vee Atelier,Apparel & Accessories > Clothing > Dresses,,,TRUE,Color,Black,Size,XL,LV-SOLENE-P-BLA-XL,450,shopify,50,deny,manual,920.00,1200.00,TRUE,TRUE,,,,,FALSE,,,Apparel & Accessories > Clothing > Dresses,,kg,,active
solene-pleated-evening-gown,,,La Vee Atelier,Apparel & Accessories > Clothing > Dresses,,,TRUE,Color,Navy,Size,XS,LV-SOLENE-P-NAV-XS,450,shopify,50,deny,manual,920.00,1200.00,TRUE,TRUE,,,,,FALSE,,,Apparel & Accessories > Clothing > Dresses,,kg,,active
solene-pleated-evening-gown,,,La Vee Atelier,Apparel & Accessories > Clothing > Dresses,,,TRUE,Color,Navy,Size,S,LV-SOLENE-P-NAV-S,450,shopify,50,deny,manual,920.00,1200.00,TRUE,TRUE,,,,,FALSE,,,Apparel & Accessories > Clothing > Dresses,,kg,,active
solene-pleated-evening-gown,,,La Vee Atelier,Apparel & Accessories > Clothing > Dresses,,,TRUE,Color,Navy,Size,M,LV-SOLENE-P-NAV-M,450,shopify,50,deny,manual,920.00,1200.00,TRUE,TRUE,,,,,FALSE,,,Apparel & Accessories > Clothing > Dresses,,kg,,active
solene-pleated-evening-gown,,,La Vee Atelier,Apparel & Accessories > Clothing > Dresses,,,TRUE,Color,Navy,Size,L,LV-SOLENE-P-NAV-L,450,shopify,50,deny,manual,920.00,1200.00,TRUE,TRUE,,,,,FALSE,,,Apparel & Accessories > Clothing > Dresses,,kg,,active
solene-pleated-evening-gown,,,La Vee Atelier,Apparel & Accessories > Clothing > Dresses,,,TRUE,Color,Navy,Size,XL,LV-SOLENE-P-NAV-XL,450,shopify,50,deny,manual,920.00,1200.00,TRUE,TRUE,,,,,FALSE,,,Apparel & Accessories > Clothing > Dresses,,kg,,active
solene-pleated-evening-gown,,,La Vee Atelier,Apparel & Accessories > Clothing > Dresses,,,TRUE,Color,Blush,Size,XS,LV-SOLENE-P-BLU-XS,450,shopify,50,deny,manual,920.00,1200.00,TRUE,TRUE,,,,,FALSE,,,Apparel & Accessories > Clothing > Dresses,,kg,,active
solene-pleated-evening-gown,,,La Vee Atelier,Apparel & Accessories > Clothing > Dresses,,,TRUE,Color,Blush,Size,S,LV-SOLENE-P-BLU-S,450,shopify,50,deny,manual,920.00,1200.00,TRUE,TRUE,,,,,FALSE,,,Apparel & Accessories > Clothing > Dresses,,kg,,active
solene-pleated-evening-gown,,,La Vee Atelier,Apparel & Accessories > Clothing > Dresses,,,TRUE,Color,Blush,Size,M,LV-SOLENE-P-BLU-M,450,shopify,50,deny,manual,920.00,1200.00,TRUE,TRUE,,,,,FALSE,,,Apparel & Accessories > Clothing > Dresses,,kg,,active
solene-pleated-evening-gown,,,La Vee Atelier,Apparel & Accessories > Clothing > Dresses,,,TRUE,Color,Blush,Size,L,LV-SOLENE-P-BLU-L,450,shopify,50,deny,manual,920.00,1200.00,TRUE,TRUE,,,,,FALSE,,,Apparel & Accessories > Clothing > Dresses,,kg,,active
solene-pleated-evening-gown,,,La Vee Atelier,Apparel & Accessories > Clothing > Dresses,,,TRUE,Color,Blush,Size,XL,LV-SOLENE-P-BLU-XL,450,shopify,50,deny,manual,920.00,1200.00,TRUE,TRUE,,,,,FALSE,,,Apparel & Accessories > Clothing > Dresses,,kg,,active
elysian-leather-trench,Elysian Structured Leather Trench,"<p>Architectural outerwear crafted from buttery soft nappa lambskin leather. Features storm flaps, waist-cinching tie belt, and hand-finished stitch detailing.</p>",La Vee Atelier,Apparel & Accessories > Clothing > Dresses,Outerwear,"BESTSELLER, Outerwear, Leather, Trench",TRUE,Color,Black,Size,S,LV-ELYSIAN--BLA-S,450,shopify,50,deny,manual,1250.00,,TRUE,TRUE,,https://images.unsplash.com/photo-1548624149-f1e1b369fb08?crop=entropy&cs=tinysrgb&fit=max&fm=jpg&w=1200,1,Elysian Structured Leather Trench in Black,FALSE,Elysian Structured Leather Trench | La Vee Atelier,Shop the Elysian Structured Leather Trench from La Vee Atelier. Premium craftsmanship and timeless luxury.,Apparel & Accessories > Clothing > Dresses,,kg,,active
elysian-leather-trench,,,La Vee Atelier,Apparel & Accessories > Clothing > Dresses,,,TRUE,Color,Black,Size,M,LV-ELYSIAN--BLA-M,450,shopify,50,deny,manual,1250.00,,TRUE,TRUE,,https://images.unsplash.com/photo-1551232864-3f0890e580d9?crop=entropy&cs=tinysrgb&fit=max&fm=jpg&w=1200,2,Elysian Structured Leather Trench in Black,FALSE,,,Apparel & Accessories > Clothing > Dresses,,kg,,active
elysian-leather-trench,,,La Vee Atelier,Apparel & Accessories > Clothing > Dresses,,,TRUE,Color,Black,Size,L,LV-ELYSIAN--BLA-L,450,shopify,50,deny,manual,1250.00,,TRUE,TRUE,,,,,FALSE,,,Apparel & Accessories > Clothing > Dresses,,kg,,active
elysian-leather-trench,,,La Vee Atelier,Apparel & Accessories > Clothing > Dresses,,,TRUE,Color,Olive,Size,S,LV-ELYSIAN--OLI-S,450,shopify,50,deny,manual,1250.00,,TRUE,TRUE,,,,,FALSE,,,Apparel & Accessories > Clothing > Dresses,,kg,,active
elysian-leather-trench,,,La Vee Atelier,Apparel & Accessories > Clothing > Dresses,,,TRUE,Color,Olive,Size,M,LV-ELYSIAN--OLI-M,450,shopify,50,deny,manual,1250.00,,TRUE,TRUE,,,,,FALSE,,,Apparel & Accessories > Clothing > Dresses,,kg,,active
elysian-leather-trench,,,La Vee Atelier,Apparel & Accessories > Clothing > Dresses,,,TRUE,Color,Olive,Size,L,LV-ELYSIAN--OLI-L,450,shopify,50,deny,manual,1250.00,,TRUE,TRUE,,,,,FALSE,,,Apparel & Accessories > Clothing > Dresses,,kg,,active
seraphina-feather-mini,Seraphina Feather-Embellished Mini Dress,<p>Playful couture. A fitted satin mini dress adorned with ethically-sourced ostrich feather trim along the hem and detachable illusion straps.</p>,La Vee Atelier,Apparel & Accessories > Clothing > Dresses,Dresses,"NEW ARRIVAL, Mini, Feathers, Party",TRUE,Color,Blush,Size,XXS,LV-SERAPHIN-BLU-XXS,450,shopify,50,deny,manual,490.00,580.00,TRUE,TRUE,,https://images.unsplash.com/photo-1568252542512-9fe8fe9c87bb?crop=entropy&cs=tinysrgb&fit=max&fm=jpg&w=1200,1,Seraphina Feather-Embellished Mini Dress in Blush,FALSE,Seraphina Feather-Embellished Mini Dress | La Vee Atelier,Shop the Seraphina Feather-Embellished Mini Dress from La Vee Atelier. Premium craftsmanship and timeless luxury.,Apparel & Accessories > Clothing > Dresses,,kg,,active
seraphina-feather-mini,,,La Vee Atelier,Apparel & Accessories > Clothing > Dresses,,,TRUE,Color,Blush,Size,XS,LV-SERAPHIN-BLU-XS,450,shopify,50,deny,manual,490.00,580.00,TRUE,TRUE,,https://images.unsplash.com/photo-1502716119720-b23a93e5fe1b?crop=entropy&cs=tinysrgb&fit=max&fm=jpg&w=1200,2,Seraphina Feather-Embellished Mini Dress in Blush,FALSE,,,Apparel & Accessories > Clothing > Dresses,,kg,,active
seraphina-feather-mini,,,La Vee Atelier,Apparel & Accessories > Clothing > Dresses,,,TRUE,Color,Blush,Size,S,LV-SERAPHIN-BLU-S,450,shopify,50,deny,manual,490.00,580.00,TRUE,TRUE,,,,,FALSE,,,Apparel & Accessories > Clothing > Dresses,,kg,,active
seraphina-feather-mini,,,La Vee Atelier,Apparel & Accessories > Clothing > Dresses,,,TRUE,Color,Blush,Size,M,LV-SERAPHIN-BLU-M,450,shopify,50,deny,manual,490.00,580.00,TRUE,TRUE,,,,,FALSE,,,Apparel & Accessories > Clothing > Dresses,,kg,,active
seraphina-feather-mini,,,La Vee Atelier,Apparel & Accessories > Clothing > Dresses,,,TRUE,Color,Blush,Size,L,LV-SERAPHIN-BLU-L,450,shopify,50,deny,manual,490.00,580.00,TRUE,TRUE,,,,,FALSE,,,Apparel & Accessories > Clothing > Dresses,,kg,,active
seraphina-feather-mini,,,La Vee Atelier,Apparel & Accessories > Clothing > Dresses,,,TRUE,Color,Black,Size,XXS,LV-SERAPHIN-BLA-XXS,450,shopify,50,deny,manual,490.00,580.00,TRUE,TRUE,,,,,FALSE,,,Apparel & Accessories > Clothing > Dresses,,kg,,active
seraphina-feather-mini,,,La Vee Atelier,Apparel & Accessories > Clothing > Dresses,,,TRUE,Color,Black,Size,XS,LV-SERAPHIN-BLA-XS,450,shopify,50,deny,manual,490.00,580.00,TRUE,TRUE,,,,,FALSE,,,Apparel & Accessories > Clothing > Dresses,,kg,,active
seraphina-feather-mini,,,La Vee Atelier,Apparel & Accessories > Clothing > Dresses,,,TRUE,Color,Black,Size,S,LV-SERAPHIN-BLA-S,450,shopify,50,deny,manual,490.00,580.00,TRUE,TRUE,,,,,FALSE,,,Apparel & Accessories > Clothing > Dresses,,kg,,active
seraphina-feather-mini,,,La Vee Atelier,Apparel & Accessories > Clothing > Dresses,,,TRUE,Color,Black,Size,M,LV-SERAPHIN-BLA-M,450,shopify,50,deny,manual,490.00,580.00,TRUE,TRUE,,,,,FALSE,,,Apparel & Accessories > Clothing > Dresses,,kg,,active
seraphina-feather-mini,,,La Vee Atelier,Apparel & Accessories > Clothing > Dresses,,,TRUE,Color,Black,Size,L,LV-SERAPHIN-BLA-L,450,shopify,50,deny,manual,490.00,580.00,TRUE,TRUE,,,,,FALSE,,,Apparel & Accessories > Clothing > Dresses,,kg,,active
seraphina-feather-mini,,,La Vee Atelier,Apparel & Accessories > Clothing > Dresses,,,TRUE,Color,Ivory,Size,XXS,LV-SERAPHIN-IVO-XXS,450,shopify,50,deny,manual,490.00,580.00,TRUE,TRUE,,,,,FALSE,,,Apparel & Accessories > Clothing > Dresses,,kg,,active
seraphina-feather-mini,,,La Vee Atelier,Apparel & Accessories > Clothing > Dresses,,,TRUE,Color,Ivory,Size,XS,LV-SERAPHIN-IVO-XS,450,shopify,50,deny,manual,490.00,580.00,TRUE,TRUE,,,,,FALSE,,,Apparel & Accessories > Clothing > Dresses,,kg,,active
seraphina-feather-mini,,,La Vee Atelier,Apparel & Accessories > Clothing > Dresses,,,TRUE,Color,Ivory,Size,S,LV-SERAPHIN-IVO-S,450,shopify,50,deny,manual,490.00,580.00,TRUE,TRUE,,,,,FALSE,,,Apparel & Accessories > Clothing > Dresses,,kg,,active
seraphina-feather-mini,,,La Vee Atelier,Apparel & Accessories > Clothing > Dresses,,,TRUE,Color,Ivory,Size,M,LV-SERAPHIN-IVO-M,450,shopify,50,deny,manual,490.00,580.00,TRUE,TRUE,,,,,FALSE,,,Apparel & Accessories > Clothing > Dresses,,kg,,active
seraphina-feather-mini,,,La Vee Atelier,Apparel & Accessories > Clothing > Dresses,,,TRUE,Color,Ivory,Size,L,LV-SERAPHIN-IVO-L,450,shopify,50,deny,manual,490.00,580.00,TRUE,TRUE,,,,,FALSE,,,Apparel & Accessories > Clothing > Dresses,,kg,,active
vespera-backless-cocktail-dress,Vespera Backless Satin Cocktail Dress,"<p>Seductive sophistication. High halter neck front balancing a daring low open back, finished with a subtle side slit in luminous fluid satin.</p>",La Vee Atelier,Apparel & Accessories > Clothing > Dresses,Dresses,"BESTSELLER, Satin, Cocktail, Backless",TRUE,Color,Black,Size,XS,LV-VESPERA--BLA-XS,450,shopify,50,deny,manual,340.00,,TRUE,TRUE,,https://images.unsplash.com/photo-1576995853123-5a10305d93c0?crop=entropy&cs=tinysrgb&fit=max&fm=jpg&w=1200,1,Vespera Backless Satin Cocktail Dress in Black,FALSE,Vespera Backless Satin Cocktail Dress | La Vee Atelier,Shop the Vespera Backless Satin Cocktail Dress from La Vee Atelier. Premium craftsmanship and timeless luxury.,Apparel & Accessories > Clothing > Dresses,,kg,,active
vespera-backless-cocktail-dress,,,La Vee Atelier,Apparel & Accessories > Clothing > Dresses,,,TRUE,Color,Black,Size,S,LV-VESPERA--BLA-S,450,shopify,50,deny,manual,340.00,,TRUE,TRUE,,https://images.unsplash.com/photo-1539109136881-3be0616acf4b?crop=entropy&cs=tinysrgb&fit=max&fm=jpg&w=1200,2,Vespera Backless Satin Cocktail Dress in Black,FALSE,,,Apparel & Accessories > Clothing > Dresses,,kg,,active
vespera-backless-cocktail-dress,,,La Vee Atelier,Apparel & Accessories > Clothing > Dresses,,,TRUE,Color,Black,Size,M,LV-VESPERA--BLA-M,450,shopify,50,deny,manual,340.00,,TRUE,TRUE,,,,,FALSE,,,Apparel & Accessories > Clothing > Dresses,,kg,,active
vespera-backless-cocktail-dress,,,La Vee Atelier,Apparel & Accessories > Clothing > Dresses,,,TRUE,Color,Black,Size,L,LV-VESPERA--BLA-L,450,shopify,50,deny,manual,340.00,,TRUE,TRUE,,,,,FALSE,,,Apparel & Accessories > Clothing > Dresses,,kg,,active
vespera-backless-cocktail-dress,,,La Vee Atelier,Apparel & Accessories > Clothing > Dresses,,,TRUE,Color,Burgundy,Size,XS,LV-VESPERA--BUR-XS,450,shopify,50,deny,manual,340.00,,TRUE,TRUE,,,,,FALSE,,,Apparel & Accessories > Clothing > Dresses,,kg,,active
vespera-backless-cocktail-dress,,,La Vee Atelier,Apparel & Accessories > Clothing > Dresses,,,TRUE,Color,Burgundy,Size,S,LV-VESPERA--BUR-S,450,shopify,50,deny,manual,340.00,,TRUE,TRUE,,,,,FALSE,,,Apparel & Accessories > Clothing > Dresses,,kg,,active
vespera-backless-cocktail-dress,,,La Vee Atelier,Apparel & Accessories > Clothing > Dresses,,,TRUE,Color,Burgundy,Size,M,LV-VESPERA--BUR-M,450,shopify,50,deny,manual,340.00,,TRUE,TRUE,,,,,FALSE,,,Apparel & Accessories > Clothing > Dresses,,kg,,active
vespera-backless-cocktail-dress,,,La Vee Atelier,Apparel & Accessories > Clothing > Dresses,,,TRUE,Color,Burgundy,Size,L,LV-VESPERA--BUR-L,450,shopify,50,deny,manual,340.00,,TRUE,TRUE,,,,,FALSE,,,Apparel & Accessories > Clothing > Dresses,,kg,,active
vespera-backless-cocktail-dress,,,La Vee Atelier,Apparel & Accessories > Clothing > Dresses,,,TRUE,Color,Olive,Size,XS,LV-VESPERA--OLI-XS,450,shopify,50,deny,manual,340.00,,TRUE,TRUE,,,,,FALSE,,,Apparel & Accessories > Clothing > Dresses,,kg,,active
vespera-backless-cocktail-dress,,,La Vee Atelier,Apparel & Accessories > Clothing > Dresses,,,TRUE,Color,Olive,Size,S,LV-VESPERA--OLI-S,450,shopify,50,deny,manual,340.00,,TRUE,TRUE,,,,,FALSE,,,Apparel & Accessories > Clothing > Dresses,,kg,,active
vespera-backless-cocktail-dress,,,La Vee Atelier,Apparel & Accessories > Clothing > Dresses,,,TRUE,Color,Olive,Size,M,LV-VESPERA--OLI-M,450,shopify,50,deny,manual,340.00,,TRUE,TRUE,,,,,FALSE,,,Apparel & Accessories > Clothing > Dresses,,kg,,active
vespera-backless-cocktail-dress,,,La Vee Atelier,Apparel & Accessories > Clothing > Dresses,,,TRUE,Color,Olive,Size,L,LV-VESPERA--OLI-L,450,shopify,50,deny,manual,340.00,,TRUE,TRUE,,,,,FALSE,,,Apparel & Accessories > Clothing > Dresses,,kg,,active
vespera-backless-cocktail-dress,,,La Vee Atelier,Apparel & Accessories > Clothing > Dresses,,,TRUE,Color,Champagne,Size,XS,LV-VESPERA--CHA-XS,450,shopify,50,deny,manual,340.00,,TRUE,TRUE,,,,,FALSE,,,Apparel & Accessories > Clothing > Dresses,,kg,,active
vespera-backless-cocktail-dress,,,La Vee Atelier,Apparel & Accessories > Clothing > Dresses,,,TRUE,Color,Champagne,Size,S,LV-VESPERA--CHA-S,450,shopify,50,deny,manual,340.00,,TRUE,TRUE,,,,,FALSE,,,Apparel & Accessories > Clothing > Dresses,,kg,,active
vespera-backless-cocktail-dress,,,La Vee Atelier,Apparel & Accessories > Clothing > Dresses,,,TRUE,Color,Champagne,Size,M,LV-VESPERA--CHA-M,450,shopify,50,deny,manual,340.00,,TRUE,TRUE,,,,,FALSE,,,Apparel & Accessories > Clothing > Dresses,,kg,,active
vespera-backless-cocktail-dress,,,La Vee Atelier,Apparel & Accessories > Clothing > Dresses,,,TRUE,Color,Champagne,Size,L,LV-VESPERA--CHA-L,450,shopify,50,deny,manual,340.00,,TRUE,TRUE,,,,,FALSE,,,Apparel & Accessories > Clothing > Dresses,,kg,,active
aria-high-waisted-wide-leg-trouser,Aria High-Waisted Wide-Leg Trousers,"<p>Impeccably tailored trousers with front double pleats, concealed hook zip closure, and floor-grazing wide leg flow in silk wool crepe.</p>",La Vee Atelier,Apparel & Accessories > Clothing > Dresses,Bottoms,"Tailored, Trousers, Silk, Workwear",TRUE,Color,Ivory,Size,XS,LV-ARIA-HIG-IVO-XS,450,shopify,50,deny,manual,310.00,380.00,TRUE,TRUE,,https://images.unsplash.com/photo-1509631179647-0177331693ae?crop=entropy&cs=tinysrgb&fit=max&fm=jpg&w=1200,1,Aria High-Waisted Wide-Leg Trousers in Ivory,FALSE,Aria High-Waisted Wide-Leg Trousers | La Vee Atelier,Shop the Aria High-Waisted Wide-Leg Trousers from La Vee Atelier. Premium craftsmanship and timeless luxury.,Apparel & Accessories > Clothing > Dresses,,kg,,active
aria-high-waisted-wide-leg-trouser,,,La Vee Atelier,Apparel & Accessories > Clothing > Dresses,,,TRUE,Color,Ivory,Size,S,LV-ARIA-HIG-IVO-S,450,shopify,50,deny,manual,310.00,380.00,TRUE,TRUE,,https://images.unsplash.com/photo-1584273143981-41c073dfe8f8?crop=entropy&cs=tinysrgb&fit=max&fm=jpg&w=1200,2,Aria High-Waisted Wide-Leg Trousers in Ivory,FALSE,,,Apparel & Accessories > Clothing > Dresses,,kg,,active
aria-high-waisted-wide-leg-trouser,,,La Vee Atelier,Apparel & Accessories > Clothing > Dresses,,,TRUE,Color,Ivory,Size,M,LV-ARIA-HIG-IVO-M,450,shopify,50,deny,manual,310.00,380.00,TRUE,TRUE,,,,,FALSE,,,Apparel & Accessories > Clothing > Dresses,,kg,,active
aria-high-waisted-wide-leg-trouser,,,La Vee Atelier,Apparel & Accessories > Clothing > Dresses,,,TRUE,Color,Ivory,Size,L,LV-ARIA-HIG-IVO-L,450,shopify,50,deny,manual,310.00,380.00,TRUE,TRUE,,,,,FALSE,,,Apparel & Accessories > Clothing > Dresses,,kg,,active
aria-high-waisted-wide-leg-trouser,,,La Vee Atelier,Apparel & Accessories > Clothing > Dresses,,,TRUE,Color,Ivory,Size,XL,LV-ARIA-HIG-IVO-XL,450,shopify,50,deny,manual,310.00,380.00,TRUE,TRUE,,,,,FALSE,,,Apparel & Accessories > Clothing > Dresses,,kg,,active
aria-high-waisted-wide-leg-trouser,,,La Vee Atelier,Apparel & Accessories > Clothing > Dresses,,,TRUE,Color,Black,Size,XS,LV-ARIA-HIG-BLA-XS,450,shopify,50,deny,manual,310.00,380.00,TRUE,TRUE,,,,,FALSE,,,Apparel & Accessories > Clothing > Dresses,,kg,,active
aria-high-waisted-wide-leg-trouser,,,La Vee Atelier,Apparel & Accessories > Clothing > Dresses,,,TRUE,Color,Black,Size,S,LV-ARIA-HIG-BLA-S,450,shopify,50,deny,manual,310.00,380.00,TRUE,TRUE,,,,,FALSE,,,Apparel & Accessories > Clothing > Dresses,,kg,,active
aria-high-waisted-wide-leg-trouser,,,La Vee Atelier,Apparel & Accessories > Clothing > Dresses,,,TRUE,Color,Black,Size,M,LV-ARIA-HIG-BLA-M,450,shopify,50,deny,manual,310.00,380.00,TRUE,TRUE,,,,,FALSE,,,Apparel & Accessories > Clothing > Dresses,,kg,,active
aria-high-waisted-wide-leg-trouser,,,La Vee Atelier,Apparel & Accessories > Clothing > Dresses,,,TRUE,Color,Black,Size,L,LV-ARIA-HIG-BLA-L,450,shopify,50,deny,manual,310.00,380.00,TRUE,TRUE,,,,,FALSE,,,Apparel & Accessories > Clothing > Dresses,,kg,,active
aria-high-waisted-wide-leg-trouser,,,La Vee Atelier,Apparel & Accessories > Clothing > Dresses,,,TRUE,Color,Black,Size,XL,LV-ARIA-HIG-BLA-XL,450,shopify,50,deny,manual,310.00,380.00,TRUE,TRUE,,,,,FALSE,,,Apparel & Accessories > Clothing > Dresses,,kg,,active
aria-high-waisted-wide-leg-trouser,,,La Vee Atelier,Apparel & Accessories > Clothing > Dresses,,,TRUE,Color,Navy,Size,XS,LV-ARIA-HIG-NAV-XS,450,shopify,50,deny,manual,310.00,380.00,TRUE,TRUE,,,,,FALSE,,,Apparel & Accessories > Clothing > Dresses,,kg,,active
aria-high-waisted-wide-leg-trouser,,,La Vee Atelier,Apparel & Accessories > Clothing > Dresses,,,TRUE,Color,Navy,Size,S,LV-ARIA-HIG-NAV-S,450,shopify,50,deny,manual,310.00,380.00,TRUE,TRUE,,,,,FALSE,,,Apparel & Accessories > Clothing > Dresses,,kg,,active
aria-high-waisted-wide-leg-trouser,,,La Vee Atelier,Apparel & Accessories > Clothing > Dresses,,,TRUE,Color,Navy,Size,M,LV-ARIA-HIG-NAV-M,450,shopify,50,deny,manual,310.00,380.00,TRUE,TRUE,,,,,FALSE,,,Apparel & Accessories > Clothing > Dresses,,kg,,active
aria-high-waisted-wide-leg-trouser,,,La Vee Atelier,Apparel & Accessories > Clothing > Dresses,,,TRUE,Color,Navy,Size,L,LV-ARIA-HIG-NAV-L,450,shopify,50,deny,manual,310.00,380.00,TRUE,TRUE,,,,,FALSE,,,Apparel & Accessories > Clothing > Dresses,,kg,,active
aria-high-waisted-wide-leg-trouser,,,La Vee Atelier,Apparel & Accessories > Clothing > Dresses,,,TRUE,Color,Navy,Size,XL,LV-ARIA-HIG-NAV-XL,450,shopify,50,deny,manual,310.00,380.00,TRUE,TRUE,,,,,FALSE,,,Apparel & Accessories > Clothing > Dresses,,kg,,active
aria-high-waisted-wide-leg-trouser,,,La Vee Atelier,Apparel & Accessories > Clothing > Dresses,,,TRUE,Color,Olive,Size,XS,LV-ARIA-HIG-OLI-XS,450,shopify,50,deny,manual,310.00,380.00,TRUE,TRUE,,,,,FALSE,,,Apparel & Accessories > Clothing > Dresses,,kg,,active
aria-high-waisted-wide-leg-trouser,,,La Vee Atelier,Apparel & Accessories > Clothing > Dresses,,,TRUE,Color,Olive,Size,S,LV-ARIA-HIG-OLI-S,450,shopify,50,deny,manual,310.00,380.00,TRUE,TRUE,,,,,FALSE,,,Apparel & Accessories > Clothing > Dresses,,kg,,active
aria-high-waisted-wide-leg-trouser,,,La Vee Atelier,Apparel & Accessories > Clothing > Dresses,,,TRUE,Color,Olive,Size,M,LV-ARIA-HIG-OLI-M,450,shopify,50,deny,manual,310.00,380.00,TRUE,TRUE,,,,,FALSE,,,Apparel & Accessories > Clothing > Dresses,,kg,,active
aria-high-waisted-wide-leg-trouser,,,La Vee Atelier,Apparel & Accessories > Clothing > Dresses,,,TRUE,Color,Olive,Size,L,LV-ARIA-HIG-OLI-L,450,shopify,50,deny,manual,310.00,380.00,TRUE,TRUE,,,,,FALSE,,,Apparel & Accessories > Clothing > Dresses,,kg,,active
aria-high-waisted-wide-leg-trouser,,,La Vee Atelier,Apparel & Accessories > Clothing > Dresses,,,TRUE,Color,Olive,Size,XL,LV-ARIA-HIG-OLI-XL,450,shopify,50,deny,manual,310.00,380.00,TRUE,TRUE,,,,,FALSE,,,Apparel & Accessories > Clothing > Dresses,,kg,,active
genevieve-sculptural-satin-top,Genevieve Sculptural Satin Top,<p>Avant-garde elegance. Asymmetric draping across the shoulder with an internal boned bodice and side hidden zipper.</p>,La Vee Atelier,Apparel & Accessories > Clothing > Dresses,Tops,"NEW ARRIVAL, Tops, Satin, Asymmetric",TRUE,Color,Champagne,Size,XS,LV-GENEVIEV-CHA-XS,450,shopify,50,deny,manual,290.00,,TRUE,TRUE,,https://images.unsplash.com/photo-1534528741775-53994a69daeb?crop=entropy&cs=tinysrgb&fit=max&fm=jpg&w=1200,1,Genevieve Sculptural Satin Top in Champagne,FALSE,Genevieve Sculptural Satin Top | La Vee Atelier,Shop the Genevieve Sculptural Satin Top from La Vee Atelier. Premium craftsmanship and timeless luxury.,Apparel & Accessories > Clothing > Dresses,,kg,,active
genevieve-sculptural-satin-top,,,La Vee Atelier,Apparel & Accessories > Clothing > Dresses,,,TRUE,Color,Champagne,Size,S,LV-GENEVIEV-CHA-S,450,shopify,50,deny,manual,290.00,,TRUE,TRUE,,https://images.unsplash.com/photo-1517841905240-472988babdf9?crop=entropy&cs=tinysrgb&fit=max&fm=jpg&w=1200,2,Genevieve Sculptural Satin Top in Champagne,FALSE,,,Apparel & Accessories > Clothing > Dresses,,kg,,active
genevieve-sculptural-satin-top,,,La Vee Atelier,Apparel & Accessories > Clothing > Dresses,,,TRUE,Color,Champagne,Size,M,LV-GENEVIEV-CHA-M,450,shopify,50,deny,manual,290.00,,TRUE,TRUE,,,,,FALSE,,,Apparel & Accessories > Clothing > Dresses,,kg,,active
genevieve-sculptural-satin-top,,,La Vee Atelier,Apparel & Accessories > Clothing > Dresses,,,TRUE,Color,Champagne,Size,L,LV-GENEVIEV-CHA-L,450,shopify,50,deny,manual,290.00,,TRUE,TRUE,,,,,FALSE,,,Apparel & Accessories > Clothing > Dresses,,kg,,active
genevieve-sculptural-satin-top,,,La Vee Atelier,Apparel & Accessories > Clothing > Dresses,,,TRUE,Color,Black,Size,XS,LV-GENEVIEV-BLA-XS,450,shopify,50,deny,manual,290.00,,TRUE,TRUE,,,,,FALSE,,,Apparel & Accessories > Clothing > Dresses,,kg,,active
genevieve-sculptural-satin-top,,,La Vee Atelier,Apparel & Accessories > Clothing > Dresses,,,TRUE,Color,Black,Size,S,LV-GENEVIEV-BLA-S,450,shopify,50,deny,manual,290.00,,TRUE,TRUE,,,,,FALSE,,,Apparel & Accessories > Clothing > Dresses,,kg,,active
genevieve-sculptural-satin-top,,,La Vee Atelier,Apparel & Accessories > Clothing > Dresses,,,TRUE,Color,Black,Size,M,LV-GENEVIEV-BLA-M,450,shopify,50,deny,manual,290.00,,TRUE,TRUE,,,,,FALSE,,,Apparel & Accessories > Clothing > Dresses,,kg,,active
genevieve-sculptural-satin-top,,,La Vee Atelier,Apparel & Accessories > Clothing > Dresses,,,TRUE,Color,Black,Size,L,LV-GENEVIEV-BLA-L,450,shopify,50,deny,manual,290.00,,TRUE,TRUE,,,,,FALSE,,,Apparel & Accessories > Clothing > Dresses,,kg,,active
genevieve-sculptural-satin-top,,,La Vee Atelier,Apparel & Accessories > Clothing > Dresses,,,TRUE,Color,Blush,Size,XS,LV-GENEVIEV-BLU-XS,450,shopify,50,deny,manual,290.00,,TRUE,TRUE,,,,,FALSE,,,Apparel & Accessories > Clothing > Dresses,,kg,,active
genevieve-sculptural-satin-top,,,La Vee Atelier,Apparel & Accessories > Clothing > Dresses,,,TRUE,Color,Blush,Size,S,LV-GENEVIEV-BLU-S,450,shopify,50,deny,manual,290.00,,TRUE,TRUE,,,,,FALSE,,,Apparel & Accessories > Clothing > Dresses,,kg,,active
genevieve-sculptural-satin-top,,,La Vee Atelier,Apparel & Accessories > Clothing > Dresses,,,TRUE,Color,Blush,Size,M,LV-GENEVIEV-BLU-M,450,shopify,50,deny,manual,290.00,,TRUE,TRUE,,,,,FALSE,,,Apparel & Accessories > Clothing > Dresses,,kg,,active
genevieve-sculptural-satin-top,,,La Vee Atelier,Apparel & Accessories > Clothing > Dresses,,,TRUE,Color,Blush,Size,L,LV-GENEVIEV-BLU-L,450,shopify,50,deny,manual,290.00,,TRUE,TRUE,,,,,FALSE,,,Apparel & Accessories > Clothing > Dresses,,kg,,active
monaco-silk-wrap-kimono-dress,Monaco Silk Wrap Kimono Dress,<p>Resort glamor. Fluid kimono sleeve wrap dress in 100% heavy silk twill with self-tie waist sash and hand-rolled hems.</p>,La Vee Atelier,Apparel & Accessories > Clothing > Dresses,Dresses,"Silk, Resort, Wrap Dress, Kimono",TRUE,Color,Olive,Size,S,LV-MONACO-S-OLI-S,450,shopify,50,deny,manual,560.00,700.00,TRUE,TRUE,,https://images.unsplash.com/photo-1485230895905-ec40ba36b9bc?crop=entropy&cs=tinysrgb&fit=max&fm=jpg&w=1200,1,Monaco Silk Wrap Kimono Dress in Olive,FALSE,Monaco Silk Wrap Kimono Dress | La Vee Atelier,Shop the Monaco Silk Wrap Kimono Dress from La Vee Atelier. Premium craftsmanship and timeless luxury.,Apparel & Accessories > Clothing > Dresses,,kg,,active
monaco-silk-wrap-kimono-dress,,,La Vee Atelier,Apparel & Accessories > Clothing > Dresses,,,TRUE,Color,Olive,Size,M,LV-MONACO-S-OLI-M,450,shopify,50,deny,manual,560.00,700.00,TRUE,TRUE,,https://images.unsplash.com/photo-1509631179647-0177331693ae?crop=entropy&cs=tinysrgb&fit=max&fm=jpg&w=1200,2,Monaco Silk Wrap Kimono Dress in Olive,FALSE,,,Apparel & Accessories > Clothing > Dresses,,kg,,active
monaco-silk-wrap-kimono-dress,,,La Vee Atelier,Apparel & Accessories > Clothing > Dresses,,,TRUE,Color,Olive,Size,L,LV-MONACO-S-OLI-L,450,shopify,50,deny,manual,560.00,700.00,TRUE,TRUE,,,,,FALSE,,,Apparel & Accessories > Clothing > Dresses,,kg,,active
monaco-silk-wrap-kimono-dress,,,La Vee Atelier,Apparel & Accessories > Clothing > Dresses,,,TRUE,Color,Black,Size,S,LV-MONACO-S-BLA-S,450,shopify,50,deny,manual,560.00,700.00,TRUE,TRUE,,,,,FALSE,,,Apparel & Accessories > Clothing > Dresses,,kg,,active
monaco-silk-wrap-kimono-dress,,,La Vee Atelier,Apparel & Accessories > Clothing > Dresses,,,TRUE,Color,Black,Size,M,LV-MONACO-S-BLA-M,450,shopify,50,deny,manual,560.00,700.00,TRUE,TRUE,,,,,FALSE,,,Apparel & Accessories > Clothing > Dresses,,kg,,active
monaco-silk-wrap-kimono-dress,,,La Vee Atelier,Apparel & Accessories > Clothing > Dresses,,,TRUE,Color,Black,Size,L,LV-MONACO-S-BLA-L,450,shopify,50,deny,manual,560.00,700.00,TRUE,TRUE,,,,,FALSE,,,Apparel & Accessories > Clothing > Dresses,,kg,,active
monaco-silk-wrap-kimono-dress,,,La Vee Atelier,Apparel & Accessories > Clothing > Dresses,,,TRUE,Color,Burgundy,Size,S,LV-MONACO-S-BUR-S,450,shopify,50,deny,manual,560.00,700.00,TRUE,TRUE,,,,,FALSE,,,Apparel & Accessories > Clothing > Dresses,,kg,,active
monaco-silk-wrap-kimono-dress,,,La Vee Atelier,Apparel & Accessories > Clothing > Dresses,,,TRUE,Color,Burgundy,Size,M,LV-MONACO-S-BUR-M,450,shopify,50,deny,manual,560.00,700.00,TRUE,TRUE,,,,,FALSE,,,Apparel & Accessories > Clothing > Dresses,,kg,,active
monaco-silk-wrap-kimono-dress,,,La Vee Atelier,Apparel & Accessories > Clothing > Dresses,,,TRUE,Color,Burgundy,Size,L,LV-MONACO-S-BUR-L,450,shopify,50,deny,manual,560.00,700.00,TRUE,TRUE,,,,,FALSE,,,Apparel & Accessories > Clothing > Dresses,,kg,,active
odette-tiered-tulle-gown,Odette Tiered Tulle Ball Gown,<p>Romantic fairytale silhouette. Voluminous cascade of soft tiered tulle layers supported by a corset lace bodice.</p>,La Vee Atelier,Apparel & Accessories > Clothing > Dresses,Gowns,"LIMITED, Gowns, Tulle, Ballgown",TRUE,Color,Blush,Size,34,LV-ODETTE-T-BLU-34,450,shopify,50,deny,manual,1150.00,,TRUE,TRUE,,https://images.unsplash.com/photo-1518895949257-7621c3c786d7?crop=entropy&cs=tinysrgb&fit=max&fm=jpg&w=1200,1,Odette Tiered Tulle Ball Gown in Blush,FALSE,Odette Tiered Tulle Ball Gown | La Vee Atelier,Shop the Odette Tiered Tulle Ball Gown from La Vee Atelier. Premium craftsmanship and timeless luxury.,Apparel & Accessories > Clothing > Dresses,,kg,,active
odette-tiered-tulle-gown,,,La Vee Atelier,Apparel & Accessories > Clothing > Dresses,,,TRUE,Color,Blush,Size,36,LV-ODETTE-T-BLU-36,450,shopify,50,deny,manual,1150.00,,TRUE,TRUE,,https://images.unsplash.com/photo-1566174053879-31528523f8ae?crop=entropy&cs=tinysrgb&fit=max&fm=jpg&w=1200,2,Odette Tiered Tulle Ball Gown in Blush,FALSE,,,Apparel & Accessories > Clothing > Dresses,,kg,,active
odette-tiered-tulle-gown,,,La Vee Atelier,Apparel & Accessories > Clothing > Dresses,,,TRUE,Color,Blush,Size,38,LV-ODETTE-T-BLU-38,450,shopify,50,deny,manual,1150.00,,TRUE,TRUE,,,,,FALSE,,,Apparel & Accessories > Clothing > Dresses,,kg,,active
odette-tiered-tulle-gown,,,La Vee Atelier,Apparel & Accessories > Clothing > Dresses,,,TRUE,Color,Blush,Size,40,LV-ODETTE-T-BLU-40,450,shopify,50,deny,manual,1150.00,,TRUE,TRUE,,,,,FALSE,,,Apparel & Accessories > Clothing > Dresses,,kg,,active
odette-tiered-tulle-gown,,,La Vee Atelier,Apparel & Accessories > Clothing > Dresses,,,TRUE,Color,Ivory,Size,34,LV-ODETTE-T-IVO-34,450,shopify,50,deny,manual,1150.00,,TRUE,TRUE,,,,,FALSE,,,Apparel & Accessories > Clothing > Dresses,,kg,,active
odette-tiered-tulle-gown,,,La Vee Atelier,Apparel & Accessories > Clothing > Dresses,,,TRUE,Color,Ivory,Size,36,LV-ODETTE-T-IVO-36,450,shopify,50,deny,manual,1150.00,,TRUE,TRUE,,,,,FALSE,,,Apparel & Accessories > Clothing > Dresses,,kg,,active
odette-tiered-tulle-gown,,,La Vee Atelier,Apparel & Accessories > Clothing > Dresses,,,TRUE,Color,Ivory,Size,38,LV-ODETTE-T-IVO-38,450,shopify,50,deny,manual,1150.00,,TRUE,TRUE,,,,,FALSE,,,Apparel & Accessories > Clothing > Dresses,,kg,,active
odette-tiered-tulle-gown,,,La Vee Atelier,Apparel & Accessories > Clothing > Dresses,,,TRUE,Color,Ivory,Size,40,LV-ODETTE-T-IVO-40,450,shopify,50,deny,manual,1150.00,,TRUE,TRUE,,,,,FALSE,,,Apparel & Accessories > Clothing > Dresses,,kg,,active
odette-tiered-tulle-gown,,,La Vee Atelier,Apparel & Accessories > Clothing > Dresses,,,TRUE,Color,Black,Size,34,LV-ODETTE-T-BLA-34,450,shopify,50,deny,manual,1150.00,,TRUE,TRUE,,,,,FALSE,,,Apparel & Accessories > Clothing > Dresses,,kg,,active
odette-tiered-tulle-gown,,,La Vee Atelier,Apparel & Accessories > Clothing > Dresses,,,TRUE,Color,Black,Size,36,LV-ODETTE-T-BLA-36,450,shopify,50,deny,manual,1150.00,,TRUE,TRUE,,,,,FALSE,,,Apparel & Accessories > Clothing > Dresses,,kg,,active
odette-tiered-tulle-gown,,,La Vee Atelier,Apparel & Accessories > Clothing > Dresses,,,TRUE,Color,Black,Size,38,LV-ODETTE-T-BLA-38,450,shopify,50,deny,manual,1150.00,,TRUE,TRUE,,,,,FALSE,,,Apparel & Accessories > Clothing > Dresses,,kg,,active
odette-tiered-tulle-gown,,,La Vee Atelier,Apparel & Accessories > Clothing > Dresses,,,TRUE,Color,Black,Size,40,LV-ODETTE-T-BLA-40,450,shopify,50,deny,manual,1150.00,,TRUE,TRUE,,,,,FALSE,,,Apparel & Accessories > Clothing > Dresses,,kg,,active
isla-asymmetric-linen-midi,Isla Asymmetric Cutout Linen Midi,"<p>Summer atelier staple. Organic Italian linen with waist cutout details, tortoiseshell button hardware, and uneven handkerchief hem.</p>",La Vee Atelier,Apparel & Accessories > Clothing > Dresses,Dresses,"NEW ARRIVAL, Linen, Summer, Midi",TRUE,Color,Ivory,Size,XS,LV-ISLA-ASY-IVO-XS,450,shopify,50,deny,manual,260.00,320.00,TRUE,TRUE,,https://images.unsplash.com/photo-1525507119028-ed4c629a60a3?crop=entropy&cs=tinysrgb&fit=max&fm=jpg&w=1200,1,Isla Asymmetric Cutout Linen Midi in Ivory,FALSE,Isla Asymmetric Cutout Linen Midi | La Vee Atelier,Shop the Isla Asymmetric Cutout Linen Midi from La Vee Atelier. Premium craftsmanship and timeless luxury.,Apparel & Accessories > Clothing > Dresses,,kg,,active
isla-asymmetric-linen-midi,,,La Vee Atelier,Apparel & Accessories > Clothing > Dresses,,,TRUE,Color,Ivory,Size,S,LV-ISLA-ASY-IVO-S,450,shopify,50,deny,manual,260.00,320.00,TRUE,TRUE,,https://images.unsplash.com/photo-1496747611176-843222e1e57c?crop=entropy&cs=tinysrgb&fit=max&fm=jpg&w=1200,2,Isla Asymmetric Cutout Linen Midi in Ivory,FALSE,,,Apparel & Accessories > Clothing > Dresses,,kg,,active
isla-asymmetric-linen-midi,,,La Vee Atelier,Apparel & Accessories > Clothing > Dresses,,,TRUE,Color,Ivory,Size,M,LV-ISLA-ASY-IVO-M,450,shopify,50,deny,manual,260.00,320.00,TRUE,TRUE,,,,,FALSE,,,Apparel & Accessories > Clothing > Dresses,,kg,,active
isla-asymmetric-linen-midi,,,La Vee Atelier,Apparel & Accessories > Clothing > Dresses,,,TRUE,Color,Ivory,Size,L,LV-ISLA-ASY-IVO-L,450,shopify,50,deny,manual,260.00,320.00,TRUE,TRUE,,,,,FALSE,,,Apparel & Accessories > Clothing > Dresses,,kg,,active
isla-asymmetric-linen-midi,,,La Vee Atelier,Apparel & Accessories > Clothing > Dresses,,,TRUE,Color,Ivory,Size,XL,LV-ISLA-ASY-IVO-XL,450,shopify,50,deny,manual,260.00,320.00,TRUE,TRUE,,,,,FALSE,,,Apparel & Accessories > Clothing > Dresses,,kg,,active
isla-asymmetric-linen-midi,,,La Vee Atelier,Apparel & Accessories > Clothing > Dresses,,,TRUE,Color,Olive,Size,XS,LV-ISLA-ASY-OLI-XS,450,shopify,50,deny,manual,260.00,320.00,TRUE,TRUE,,,,,FALSE,,,Apparel & Accessories > Clothing > Dresses,,kg,,active
isla-asymmetric-linen-midi,,,La Vee Atelier,Apparel & Accessories > Clothing > Dresses,,,TRUE,Color,Olive,Size,S,LV-ISLA-ASY-OLI-S,450,shopify,50,deny,manual,260.00,320.00,TRUE,TRUE,,,,,FALSE,,,Apparel & Accessories > Clothing > Dresses,,kg,,active
isla-asymmetric-linen-midi,,,La Vee Atelier,Apparel & Accessories > Clothing > Dresses,,,TRUE,Color,Olive,Size,M,LV-ISLA-ASY-OLI-M,450,shopify,50,deny,manual,260.00,320.00,TRUE,TRUE,,,,,FALSE,,,Apparel & Accessories > Clothing > Dresses,,kg,,active
isla-asymmetric-linen-midi,,,La Vee Atelier,Apparel & Accessories > Clothing > Dresses,,,TRUE,Color,Olive,Size,L,LV-ISLA-ASY-OLI-L,450,shopify,50,deny,manual,260.00,320.00,TRUE,TRUE,,,,,FALSE,,,Apparel & Accessories > Clothing > Dresses,,kg,,active
isla-asymmetric-linen-midi,,,La Vee Atelier,Apparel & Accessories > Clothing > Dresses,,,TRUE,Color,Olive,Size,XL,LV-ISLA-ASY-OLI-XL,450,shopify,50,deny,manual,260.00,320.00,TRUE,TRUE,,,,,FALSE,,,Apparel & Accessories > Clothing > Dresses,,kg,,active
isla-asymmetric-linen-midi,,,La Vee Atelier,Apparel & Accessories > Clothing > Dresses,,,TRUE,Color,Blush,Size,XS,LV-ISLA-ASY-BLU-XS,450,shopify,50,deny,manual,260.00,320.00,TRUE,TRUE,,,,,FALSE,,,Apparel & Accessories > Clothing > Dresses,,kg,,active
isla-asymmetric-linen-midi,,,La Vee Atelier,Apparel & Accessories > Clothing > Dresses,,,TRUE,Color,Blush,Size,S,LV-ISLA-ASY-BLU-S,450,shopify,50,deny,manual,260.00,320.00,TRUE,TRUE,,,,,FALSE,,,Apparel & Accessories > Clothing > Dresses,,kg,,active
isla-asymmetric-linen-midi,,,La Vee Atelier,Apparel & Accessories > Clothing > Dresses,,,TRUE,Color,Blush,Size,M,LV-ISLA-ASY-BLU-M,450,shopify,50,deny,manual,260.00,320.00,TRUE,TRUE,,,,,FALSE,,,Apparel & Accessories > Clothing > Dresses,,kg,,active
isla-asymmetric-linen-midi,,,La Vee Atelier,Apparel & Accessories > Clothing > Dresses,,,TRUE,Color,Blush,Size,L,LV-ISLA-ASY-BLU-L,450,shopify,50,deny,manual,260.00,320.00,TRUE,TRUE,,,,,FALSE,,,Apparel & Accessories > Clothing > Dresses,,kg,,active
isla-asymmetric-linen-midi,,,La Vee Atelier,Apparel & Accessories > Clothing > Dresses,,,TRUE,Color,Blush,Size,XL,LV-ISLA-ASY-BLU-XL,450,shopify,50,deny,manual,260.00,320.00,TRUE,TRUE,,,,,FALSE,,,Apparel & Accessories > Clothing > Dresses,,kg,,active
lumiere-jacquard-evening-coat,Lumiere Jacquard Evening Coat,"<p>Regal outerwear woven with metallic gold thread in a custom floral jacquard motif, featuring velvet lapels and satin lining.</p>",La Vee Atelier,Apparel & Accessories > Clothing > Dresses,Outerwear,"LIMITED, Outerwear, Jacquard, Gold",TRUE,Color,Gold,Size,S,LV-LUMIERE--GOL-S,450,shopify,50,deny,manual,890.00,,TRUE,TRUE,,https://images.unsplash.com/photo-1544441893-675973e31985?crop=entropy&cs=tinysrgb&fit=max&fm=jpg&w=1200,1,Lumiere Jacquard Evening Coat in Gold,FALSE,Lumiere Jacquard Evening Coat | La Vee Atelier,Shop the Lumiere Jacquard Evening Coat from La Vee Atelier. Premium craftsmanship and timeless luxury.,Apparel & Accessories > Clothing > Dresses,,kg,,active
lumiere-jacquard-evening-coat,,,La Vee Atelier,Apparel & Accessories > Clothing > Dresses,,,TRUE,Color,Gold,Size,M,LV-LUMIERE--GOL-M,450,shopify,50,deny,manual,890.00,,TRUE,TRUE,,https://images.unsplash.com/photo-1539109136881-3be0616acf4b?crop=entropy&cs=tinysrgb&fit=max&fm=jpg&w=1200,2,Lumiere Jacquard Evening Coat in Gold,FALSE,,,Apparel & Accessories > Clothing > Dresses,,kg,,active
lumiere-jacquard-evening-coat,,,La Vee Atelier,Apparel & Accessories > Clothing > Dresses,,,TRUE,Color,Gold,Size,L,LV-LUMIERE--GOL-L,450,shopify,50,deny,manual,890.00,,TRUE,TRUE,,,,,FALSE,,,Apparel & Accessories > Clothing > Dresses,,kg,,active
lumiere-jacquard-evening-coat,,,La Vee Atelier,Apparel & Accessories > Clothing > Dresses,,,TRUE,Color,Black,Size,S,LV-LUMIERE--BLA-S,450,shopify,50,deny,manual,890.00,,TRUE,TRUE,,,,,FALSE,,,Apparel & Accessories > Clothing > Dresses,,kg,,active
lumiere-jacquard-evening-coat,,,La Vee Atelier,Apparel & Accessories > Clothing > Dresses,,,TRUE,Color,Black,Size,M,LV-LUMIERE--BLA-M,450,shopify,50,deny,manual,890.00,,TRUE,TRUE,,,,,FALSE,,,Apparel & Accessories > Clothing > Dresses,,kg,,active
lumiere-jacquard-evening-coat,,,La Vee Atelier,Apparel & Accessories > Clothing > Dresses,,,TRUE,Color,Black,Size,L,LV-LUMIERE--BLA-L,450,shopify,50,deny,manual,890.00,,TRUE,TRUE,,,,,FALSE,,,Apparel & Accessories > Clothing > Dresses,,kg,,active
amara-ribbed-cashmere-knit-dress,Amara Ribbed Cashmere Knit Dress,<p>Cozy luxury. 100% Mongolian cashmere finely knitted into a figure-hugging ribbed silhouette with turtleneck and thigh slit.</p>,La Vee Atelier,Apparel & Accessories > Clothing > Dresses,Knitwear,"BESTSELLER, Knitwear, Cashmere, Midi",TRUE,Color,Black,Size,XS,LV-AMARA-RI-BLA-XS,450,shopify,50,deny,manual,480.00,600.00,TRUE,TRUE,,https://images.unsplash.com/photo-1434389677669-e08b4cac3105?crop=entropy&cs=tinysrgb&fit=max&fm=jpg&w=1200,1,Amara Ribbed Cashmere Knit Dress in Black,FALSE,Amara Ribbed Cashmere Knit Dress | La Vee Atelier,Shop the Amara Ribbed Cashmere Knit Dress from La Vee Atelier. Premium craftsmanship and timeless luxury.,Apparel & Accessories > Clothing > Dresses,,kg,,active
amara-ribbed-cashmere-knit-dress,,,La Vee Atelier,Apparel & Accessories > Clothing > Dresses,,,TRUE,Color,Black,Size,S,LV-AMARA-RI-BLA-S,450,shopify,50,deny,manual,480.00,600.00,TRUE,TRUE,,https://images.unsplash.com/photo-1485230895905-ec40ba36b9bc?crop=entropy&cs=tinysrgb&fit=max&fm=jpg&w=1200,2,Amara Ribbed Cashmere Knit Dress in Black,FALSE,,,Apparel & Accessories > Clothing > Dresses,,kg,,active
amara-ribbed-cashmere-knit-dress,,,La Vee Atelier,Apparel & Accessories > Clothing > Dresses,,,TRUE,Color,Black,Size,M,LV-AMARA-RI-BLA-M,450,shopify,50,deny,manual,480.00,600.00,TRUE,TRUE,,,,,FALSE,,,Apparel & Accessories > Clothing > Dresses,,kg,,active
amara-ribbed-cashmere-knit-dress,,,La Vee Atelier,Apparel & Accessories > Clothing > Dresses,,,TRUE,Color,Black,Size,L,LV-AMARA-RI-BLA-L,450,shopify,50,deny,manual,480.00,600.00,TRUE,TRUE,,,,,FALSE,,,Apparel & Accessories > Clothing > Dresses,,kg,,active
amara-ribbed-cashmere-knit-dress,,,La Vee Atelier,Apparel & Accessories > Clothing > Dresses,,,TRUE,Color,Ivory,Size,XS,LV-AMARA-RI-IVO-XS,450,shopify,50,deny,manual,480.00,600.00,TRUE,TRUE,,,,,FALSE,,,Apparel & Accessories > Clothing > Dresses,,kg,,active
amara-ribbed-cashmere-knit-dress,,,La Vee Atelier,Apparel & Accessories > Clothing > Dresses,,,TRUE,Color,Ivory,Size,S,LV-AMARA-RI-IVO-S,450,shopify,50,deny,manual,480.00,600.00,TRUE,TRUE,,,,,FALSE,,,Apparel & Accessories > Clothing > Dresses,,kg,,active
amara-ribbed-cashmere-knit-dress,,,La Vee Atelier,Apparel & Accessories > Clothing > Dresses,,,TRUE,Color,Ivory,Size,M,LV-AMARA-RI-IVO-M,450,shopify,50,deny,manual,480.00,600.00,TRUE,TRUE,,,,,FALSE,,,Apparel & Accessories > Clothing > Dresses,,kg,,active
amara-ribbed-cashmere-knit-dress,,,La Vee Atelier,Apparel & Accessories > Clothing > Dresses,,,TRUE,Color,Ivory,Size,L,LV-AMARA-RI-IVO-L,450,shopify,50,deny,manual,480.00,600.00,TRUE,TRUE,,,,,FALSE,,,Apparel & Accessories > Clothing > Dresses,,kg,,active
amara-ribbed-cashmere-knit-dress,,,La Vee Atelier,Apparel & Accessories > Clothing > Dresses,,,TRUE,Color,Burgundy,Size,XS,LV-AMARA-RI-BUR-XS,450,shopify,50,deny,manual,480.00,600.00,TRUE,TRUE,,,,,FALSE,,,Apparel & Accessories > Clothing > Dresses,,kg,,active
amara-ribbed-cashmere-knit-dress,,,La Vee Atelier,Apparel & Accessories > Clothing > Dresses,,,TRUE,Color,Burgundy,Size,S,LV-AMARA-RI-BUR-S,450,shopify,50,deny,manual,480.00,600.00,TRUE,TRUE,,,,,FALSE,,,Apparel & Accessories > Clothing > Dresses,,kg,,active
amara-ribbed-cashmere-knit-dress,,,La Vee Atelier,Apparel & Accessories > Clothing > Dresses,,,TRUE,Color,Burgundy,Size,M,LV-AMARA-RI-BUR-M,450,shopify,50,deny,manual,480.00,600.00,TRUE,TRUE,,,,,FALSE,,,Apparel & Accessories > Clothing > Dresses,,kg,,active
amara-ribbed-cashmere-knit-dress,,,La Vee Atelier,Apparel & Accessories > Clothing > Dresses,,,TRUE,Color,Burgundy,Size,L,LV-AMARA-RI-BUR-L,450,shopify,50,deny,manual,480.00,600.00,TRUE,TRUE,,,,,FALSE,,,Apparel & Accessories > Clothing > Dresses,,kg,,active
valentina-pearl-embroidered-corset,Valentina Pearl-Embroidered Corset,<p>Hand-stitched freshwater pearl embellishments accenting an ivory duchess satin boned bustier top with hook-and-eye back.</p>,La Vee Atelier,Apparel & Accessories > Clothing > Dresses,Tops,"NEW ARRIVAL, Corset, Pearls, Atelier",TRUE,Color,Ivory,Size,XXS,LV-VALENTIN-IVO-XXS,450,shopify,50,deny,manual,520.00,,TRUE,TRUE,,https://images.unsplash.com/photo-1502716119720-b23a93e5fe1b?crop=entropy&cs=tinysrgb&fit=max&fm=jpg&w=1200,1,Valentina Pearl-Embroidered Corset in Ivory,FALSE,Valentina Pearl-Embroidered Corset | La Vee Atelier,Shop the Valentina Pearl-Embroidered Corset from La Vee Atelier. Premium craftsmanship and timeless luxury.,Apparel & Accessories > Clothing > Dresses,,kg,,active
valentina-pearl-embroidered-corset,,,La Vee Atelier,Apparel & Accessories > Clothing > Dresses,,,TRUE,Color,Ivory,Size,XS,LV-VALENTIN-IVO-XS,450,shopify,50,deny,manual,520.00,,TRUE,TRUE,,https://images.unsplash.com/photo-1550639525-c97d455acf70?crop=entropy&cs=tinysrgb&fit=max&fm=jpg&w=1200,2,Valentina Pearl-Embroidered Corset in Ivory,FALSE,,,Apparel & Accessories > Clothing > Dresses,,kg,,active
valentina-pearl-embroidered-corset,,,La Vee Atelier,Apparel & Accessories > Clothing > Dresses,,,TRUE,Color,Ivory,Size,S,LV-VALENTIN-IVO-S,450,shopify,50,deny,manual,520.00,,TRUE,TRUE,,,,,FALSE,,,Apparel & Accessories > Clothing > Dresses,,kg,,active
valentina-pearl-embroidered-corset,,,La Vee Atelier,Apparel & Accessories > Clothing > Dresses,,,TRUE,Color,Ivory,Size,M,LV-VALENTIN-IVO-M,450,shopify,50,deny,manual,520.00,,TRUE,TRUE,,,,,FALSE,,,Apparel & Accessories > Clothing > Dresses,,kg,,active
valentina-pearl-embroidered-corset,,,La Vee Atelier,Apparel & Accessories > Clothing > Dresses,,,TRUE,Color,Ivory,Size,L,LV-VALENTIN-IVO-L,450,shopify,50,deny,manual,520.00,,TRUE,TRUE,,,,,FALSE,,,Apparel & Accessories > Clothing > Dresses,,kg,,active
valentina-pearl-embroidered-corset,,,La Vee Atelier,Apparel & Accessories > Clothing > Dresses,,,TRUE,Color,Black,Size,XXS,LV-VALENTIN-BLA-XXS,450,shopify,50,deny,manual,520.00,,TRUE,TRUE,,,,,FALSE,,,Apparel & Accessories > Clothing > Dresses,,kg,,active
valentina-pearl-embroidered-corset,,,La Vee Atelier,Apparel & Accessories > Clothing > Dresses,,,TRUE,Color,Black,Size,XS,LV-VALENTIN-BLA-XS,450,shopify,50,deny,manual,520.00,,TRUE,TRUE,,,,,FALSE,,,Apparel & Accessories > Clothing > Dresses,,kg,,active
valentina-pearl-embroidered-corset,,,La Vee Atelier,Apparel & Accessories > Clothing > Dresses,,,TRUE,Color,Black,Size,S,LV-VALENTIN-BLA-S,450,shopify,50,deny,manual,520.00,,TRUE,TRUE,,,,,FALSE,,,Apparel & Accessories > Clothing > Dresses,,kg,,active
valentina-pearl-embroidered-corset,,,La Vee Atelier,Apparel & Accessories > Clothing > Dresses,,,TRUE,Color,Black,Size,M,LV-VALENTIN-BLA-M,450,shopify,50,deny,manual,520.00,,TRUE,TRUE,,,,,FALSE,,,Apparel & Accessories > Clothing > Dresses,,kg,,active
valentina-pearl-embroidered-corset,,,La Vee Atelier,Apparel & Accessories > Clothing > Dresses,,,TRUE,Color,Black,Size,L,LV-VALENTIN-BLA-L,450,shopify,50,deny,manual,520.00,,TRUE,TRUE,,,,,FALSE,,,Apparel & Accessories > Clothing > Dresses,,kg,,active
rowan-tailored-satin-tuxedo-suit,Rowan Tailored Satin Tuxedo Suit,<p>Modern female tuxedo set comprising a silk lapel single-button blazer and matching slim tuxedo trouser with silk stripe side trim.</p>,La Vee Atelier,Apparel & Accessories > Clothing > Dresses,Sets,"BESTSELLER, Suit, Tuxedo, Tailored",TRUE,Color,Black,Size,XS,LV-ROWAN-TA-BLA-XS,450,shopify,50,deny,manual,980.00,1200.00,TRUE,TRUE,,https://images.unsplash.com/photo-1515886657613-9f3515b0c78f?crop=entropy&cs=tinysrgb&fit=max&fm=jpg&w=1200,1,Rowan Tailored Satin Tuxedo Suit in Black,FALSE,Rowan Tailored Satin Tuxedo Suit | La Vee Atelier,Shop the Rowan Tailored Satin Tuxedo Suit from La Vee Atelier. Premium craftsmanship and timeless luxury.,Apparel & Accessories > Clothing > Dresses,,kg,,active
rowan-tailored-satin-tuxedo-suit,,,La Vee Atelier,Apparel & Accessories > Clothing > Dresses,,,TRUE,Color,Black,Size,S,LV-ROWAN-TA-BLA-S,450,shopify,50,deny,manual,980.00,1200.00,TRUE,TRUE,,https://images.unsplash.com/photo-1539109136881-3be0616acf4b?crop=entropy&cs=tinysrgb&fit=max&fm=jpg&w=1200,2,Rowan Tailored Satin Tuxedo Suit in Black,FALSE,,,Apparel & Accessories > Clothing > Dresses,,kg,,active
rowan-tailored-satin-tuxedo-suit,,,La Vee Atelier,Apparel & Accessories > Clothing > Dresses,,,TRUE,Color,Black,Size,M,LV-ROWAN-TA-BLA-M,450,shopify,50,deny,manual,980.00,1200.00,TRUE,TRUE,,,,,FALSE,,,Apparel & Accessories > Clothing > Dresses,,kg,,active
rowan-tailored-satin-tuxedo-suit,,,La Vee Atelier,Apparel & Accessories > Clothing > Dresses,,,TRUE,Color,Black,Size,L,LV-ROWAN-TA-BLA-L,450,shopify,50,deny,manual,980.00,1200.00,TRUE,TRUE,,,,,FALSE,,,Apparel & Accessories > Clothing > Dresses,,kg,,active
rowan-tailored-satin-tuxedo-suit,,,La Vee Atelier,Apparel & Accessories > Clothing > Dresses,,,TRUE,Color,Black,Size,XL,LV-ROWAN-TA-BLA-XL,450,shopify,50,deny,manual,980.00,1200.00,TRUE,TRUE,,,,,FALSE,,,Apparel & Accessories > Clothing > Dresses,,kg,,active
rowan-tailored-satin-tuxedo-suit,,,La Vee Atelier,Apparel & Accessories > Clothing > Dresses,,,TRUE,Color,Ivory,Size,XS,LV-ROWAN-TA-IVO-XS,450,shopify,50,deny,manual,980.00,1200.00,TRUE,TRUE,,,,,FALSE,,,Apparel & Accessories > Clothing > Dresses,,kg,,active
rowan-tailored-satin-tuxedo-suit,,,La Vee Atelier,Apparel & Accessories > Clothing > Dresses,,,TRUE,Color,Ivory,Size,S,LV-ROWAN-TA-IVO-S,450,shopify,50,deny,manual,980.00,1200.00,TRUE,TRUE,,,,,FALSE,,,Apparel & Accessories > Clothing > Dresses,,kg,,active
rowan-tailored-satin-tuxedo-suit,,,La Vee Atelier,Apparel & Accessories > Clothing > Dresses,,,TRUE,Color,Ivory,Size,M,LV-ROWAN-TA-IVO-M,450,shopify,50,deny,manual,980.00,1200.00,TRUE,TRUE,,,,,FALSE,,,Apparel & Accessories > Clothing > Dresses,,kg,,active
rowan-tailored-satin-tuxedo-suit,,,La Vee Atelier,Apparel & Accessories > Clothing > Dresses,,,TRUE,Color,Ivory,Size,L,LV-ROWAN-TA-IVO-L,450,shopify,50,deny,manual,980.00,1200.00,TRUE,TRUE,,,,,FALSE,,,Apparel & Accessories > Clothing > Dresses,,kg,,active
rowan-tailored-satin-tuxedo-suit,,,La Vee Atelier,Apparel & Accessories > Clothing > Dresses,,,TRUE,Color,Ivory,Size,XL,LV-ROWAN-TA-IVO-XL,450,shopify,50,deny,manual,980.00,1200.00,TRUE,TRUE,,,,,FALSE,,,Apparel & Accessories > Clothing > Dresses,,kg,,active
rowan-tailored-satin-tuxedo-suit,,,La Vee Atelier,Apparel & Accessories > Clothing > Dresses,,,TRUE,Color,Navy,Size,XS,LV-ROWAN-TA-NAV-XS,450,shopify,50,deny,manual,980.00,1200.00,TRUE,TRUE,,,,,FALSE,,,Apparel & Accessories > Clothing > Dresses,,kg,,active
rowan-tailored-satin-tuxedo-suit,,,La Vee Atelier,Apparel & Accessories > Clothing > Dresses,,,TRUE,Color,Navy,Size,S,LV-ROWAN-TA-NAV-S,450,shopify,50,deny,manual,980.00,1200.00,TRUE,TRUE,,,,,FALSE,,,Apparel & Accessories > Clothing > Dresses,,kg,,active
rowan-tailored-satin-tuxedo-suit,,,La Vee Atelier,Apparel & Accessories > Clothing > Dresses,,,TRUE,Color,Navy,Size,M,LV-ROWAN-TA-NAV-M,450,shopify,50,deny,manual,980.00,1200.00,TRUE,TRUE,,,,,FALSE,,,Apparel & Accessories > Clothing > Dresses,,kg,,active
rowan-tailored-satin-tuxedo-suit,,,La Vee Atelier,Apparel & Accessories > Clothing > Dresses,,,TRUE,Color,Navy,Size,L,LV-ROWAN-TA-NAV-L,450,shopify,50,deny,manual,980.00,1200.00,TRUE,TRUE,,,,,FALSE,,,Apparel & Accessories > Clothing > Dresses,,kg,,active
rowan-tailored-satin-tuxedo-suit,,,La Vee Atelier,Apparel & Accessories > Clothing > Dresses,,,TRUE,Color,Navy,Size,XL,LV-ROWAN-TA-NAV-XL,450,shopify,50,deny,manual,980.00,1200.00,TRUE,TRUE,,,,,FALSE,,,Apparel & Accessories > Clothing > Dresses,,kg,,active
siren-sheer-organza-overlay-dress,Siren Sheer Organza Overlay Dress,<p>Layered ethereal couture. Sheer silk organza shirt dress over a removable silk satin inner slip lining.</p>,La Vee Atelier,Apparel & Accessories > Clothing > Dresses,Dresses,"NEW ARRIVAL, Organza, Sheer, Layered",TRUE,Color,Black,Size,XS,LV-SIREN-SH-BLA-XS,450,shopify,50,deny,manual,440.00,,TRUE,TRUE,,https://images.unsplash.com/photo-1490481651871-ab68de25d43d?crop=entropy&cs=tinysrgb&fit=max&fm=jpg&w=1200,1,Siren Sheer Organza Overlay Dress in Black,FALSE,Siren Sheer Organza Overlay Dress | La Vee Atelier,Shop the Siren Sheer Organza Overlay Dress from La Vee Atelier. Premium craftsmanship and timeless luxury.,Apparel & Accessories > Clothing > Dresses,,kg,,active
siren-sheer-organza-overlay-dress,,,La Vee Atelier,Apparel & Accessories > Clothing > Dresses,,,TRUE,Color,Black,Size,S,LV-SIREN-SH-BLA-S,450,shopify,50,deny,manual,440.00,,TRUE,TRUE,,https://images.unsplash.com/photo-1529139574466-a303027c1d8b?crop=entropy&cs=tinysrgb&fit=max&fm=jpg&w=1200,2,Siren Sheer Organza Overlay Dress in Black,FALSE,,,Apparel & Accessories > Clothing > Dresses,,kg,,active
siren-sheer-organza-overlay-dress,,,La Vee Atelier,Apparel & Accessories > Clothing > Dresses,,,TRUE,Color,Black,Size,M,LV-SIREN-SH-BLA-M,450,shopify,50,deny,manual,440.00,,TRUE,TRUE,,,,,FALSE,,,Apparel & Accessories > Clothing > Dresses,,kg,,active
siren-sheer-organza-overlay-dress,,,La Vee Atelier,Apparel & Accessories > Clothing > Dresses,,,TRUE,Color,Black,Size,L,LV-SIREN-SH-BLA-L,450,shopify,50,deny,manual,440.00,,TRUE,TRUE,,,,,FALSE,,,Apparel & Accessories > Clothing > Dresses,,kg,,active
siren-sheer-organza-overlay-dress,,,La Vee Atelier,Apparel & Accessories > Clothing > Dresses,,,TRUE,Color,Champagne,Size,XS,LV-SIREN-SH-CHA-XS,450,shopify,50,deny,manual,440.00,,TRUE,TRUE,,,,,FALSE,,,Apparel & Accessories > Clothing > Dresses,,kg,,active
siren-sheer-organza-overlay-dress,,,La Vee Atelier,Apparel & Accessories > Clothing > Dresses,,,TRUE,Color,Champagne,Size,S,LV-SIREN-SH-CHA-S,450,shopify,50,deny,manual,440.00,,TRUE,TRUE,,,,,FALSE,,,Apparel & Accessories > Clothing > Dresses,,kg,,active
siren-sheer-organza-overlay-dress,,,La Vee Atelier,Apparel & Accessories > Clothing > Dresses,,,TRUE,Color,Champagne,Size,M,LV-SIREN-SH-CHA-M,450,shopify,50,deny,manual,440.00,,TRUE,TRUE,,,,,FALSE,,,Apparel & Accessories > Clothing > Dresses,,kg,,active
siren-sheer-organza-overlay-dress,,,La Vee Atelier,Apparel & Accessories > Clothing > Dresses,,,TRUE,Color,Champagne,Size,L,LV-SIREN-SH-CHA-L,450,shopify,50,deny,manual,440.00,,TRUE,TRUE,,,,,FALSE,,,Apparel & Accessories > Clothing > Dresses,,kg,,active
siren-sheer-organza-overlay-dress,,,La Vee Atelier,Apparel & Accessories > Clothing > Dresses,,,TRUE,Color,Olive,Size,XS,LV-SIREN-SH-OLI-XS,450,shopify,50,deny,manual,440.00,,TRUE,TRUE,,,,,FALSE,,,Apparel & Accessories > Clothing > Dresses,,kg,,active
siren-sheer-organza-overlay-dress,,,La Vee Atelier,Apparel & Accessories > Clothing > Dresses,,,TRUE,Color,Olive,Size,S,LV-SIREN-SH-OLI-S,450,shopify,50,deny,manual,440.00,,TRUE,TRUE,,,,,FALSE,,,Apparel & Accessories > Clothing > Dresses,,kg,,active
siren-sheer-organza-overlay-dress,,,La Vee Atelier,Apparel & Accessories > Clothing > Dresses,,,TRUE,Color,Olive,Size,M,LV-SIREN-SH-OLI-M,450,shopify,50,deny,manual,440.00,,TRUE,TRUE,,,,,FALSE,,,Apparel & Accessories > Clothing > Dresses,,kg,,active
siren-sheer-organza-overlay-dress,,,La Vee Atelier,Apparel & Accessories > Clothing > Dresses,,,TRUE,Color,Olive,Size,L,LV-SIREN-SH-OLI-L,450,shopify,50,deny,manual,440.00,,TRUE,TRUE,,,,,FALSE,,,Apparel & Accessories > Clothing > Dresses,,kg,,active
clarisse-halter-neck-satin-slip,Clarisse Halter Neck Satin Slip,<p>Fluid satin slip dress featuring high neck sash tie closure that cascades down an open back into a gentle fishtail train hem.</p>,La Vee Atelier,Apparel & Accessories > Clothing > Dresses,Dresses,"BESTSELLER, Satin, Halter, Slip",TRUE,Color,Burgundy,Size,XXS,LV-CLARISSE-BUR-XXS,450,shopify,50,deny,manual,360.00,420.00,TRUE,TRUE,,https://images.unsplash.com/photo-1595777457583-95e059d581b8?crop=entropy&cs=tinysrgb&fit=max&fm=jpg&w=1200,1,Clarisse Halter Neck Satin Slip in Burgundy,FALSE,Clarisse Halter Neck Satin Slip | La Vee Atelier,Shop the Clarisse Halter Neck Satin Slip from La Vee Atelier. Premium craftsmanship and timeless luxury.,Apparel & Accessories > Clothing > Dresses,,kg,,active
clarisse-halter-neck-satin-slip,,,La Vee Atelier,Apparel & Accessories > Clothing > Dresses,,,TRUE,Color,Burgundy,Size,XS,LV-CLARISSE-BUR-XS,450,shopify,50,deny,manual,360.00,420.00,TRUE,TRUE,,https://images.unsplash.com/photo-1708434034707-0580ada65d8d?crop=entropy&cs=tinysrgb&fit=max&fm=jpg&w=1200,2,Clarisse Halter Neck Satin Slip in Burgundy,FALSE,,,Apparel & Accessories > Clothing > Dresses,,kg,,active
clarisse-halter-neck-satin-slip,,,La Vee Atelier,Apparel & Accessories > Clothing > Dresses,,,TRUE,Color,Burgundy,Size,S,LV-CLARISSE-BUR-S,450,shopify,50,deny,manual,360.00,420.00,TRUE,TRUE,,,,,FALSE,,,Apparel & Accessories > Clothing > Dresses,,kg,,active
clarisse-halter-neck-satin-slip,,,La Vee Atelier,Apparel & Accessories > Clothing > Dresses,,,TRUE,Color,Burgundy,Size,M,LV-CLARISSE-BUR-M,450,shopify,50,deny,manual,360.00,420.00,TRUE,TRUE,,,,,FALSE,,,Apparel & Accessories > Clothing > Dresses,,kg,,active
clarisse-halter-neck-satin-slip,,,La Vee Atelier,Apparel & Accessories > Clothing > Dresses,,,TRUE,Color,Burgundy,Size,L,LV-CLARISSE-BUR-L,450,shopify,50,deny,manual,360.00,420.00,TRUE,TRUE,,,,,FALSE,,,Apparel & Accessories > Clothing > Dresses,,kg,,active
clarisse-halter-neck-satin-slip,,,La Vee Atelier,Apparel & Accessories > Clothing > Dresses,,,TRUE,Color,Burgundy,Size,XL,LV-CLARISSE-BUR-XL,450,shopify,50,deny,manual,360.00,420.00,TRUE,TRUE,,,,,FALSE,,,Apparel & Accessories > Clothing > Dresses,,kg,,active
clarisse-halter-neck-satin-slip,,,La Vee Atelier,Apparel & Accessories > Clothing > Dresses,,,TRUE,Color,Black,Size,XXS,LV-CLARISSE-BLA-XXS,450,shopify,50,deny,manual,360.00,420.00,TRUE,TRUE,,,,,FALSE,,,Apparel & Accessories > Clothing > Dresses,,kg,,active
clarisse-halter-neck-satin-slip,,,La Vee Atelier,Apparel & Accessories > Clothing > Dresses,,,TRUE,Color,Black,Size,XS,LV-CLARISSE-BLA-XS,450,shopify,50,deny,manual,360.00,420.00,TRUE,TRUE,,,,,FALSE,,,Apparel & Accessories > Clothing > Dresses,,kg,,active
clarisse-halter-neck-satin-slip,,,La Vee Atelier,Apparel & Accessories > Clothing > Dresses,,,TRUE,Color,Black,Size,S,LV-CLARISSE-BLA-S,450,shopify,50,deny,manual,360.00,420.00,TRUE,TRUE,,,,,FALSE,,,Apparel & Accessories > Clothing > Dresses,,kg,,active
clarisse-halter-neck-satin-slip,,,La Vee Atelier,Apparel & Accessories > Clothing > Dresses,,,TRUE,Color,Black,Size,M,LV-CLARISSE-BLA-M,450,shopify,50,deny,manual,360.00,420.00,TRUE,TRUE,,,,,FALSE,,,Apparel & Accessories > Clothing > Dresses,,kg,,active
clarisse-halter-neck-satin-slip,,,La Vee Atelier,Apparel & Accessories > Clothing > Dresses,,,TRUE,Color,Black,Size,L,LV-CLARISSE-BLA-L,450,shopify,50,deny,manual,360.00,420.00,TRUE,TRUE,,,,,FALSE,,,Apparel & Accessories > Clothing > Dresses,,kg,,active
clarisse-halter-neck-satin-slip,,,La Vee Atelier,Apparel & Accessories > Clothing > Dresses,,,TRUE,Color,Black,Size,XL,LV-CLARISSE-BLA-XL,450,shopify,50,deny,manual,360.00,420.00,TRUE,TRUE,,,,,FALSE,,,Apparel & Accessories > Clothing > Dresses,,kg,,active
clarisse-halter-neck-satin-slip,,,La Vee Atelier,Apparel & Accessories > Clothing > Dresses,,,TRUE,Color,Blush,Size,XXS,LV-CLARISSE-BLU-XXS,450,shopify,50,deny,manual,360.00,420.00,TRUE,TRUE,,,,,FALSE,,,Apparel & Accessories > Clothing > Dresses,,kg,,active
clarisse-halter-neck-satin-slip,,,La Vee Atelier,Apparel & Accessories > Clothing > Dresses,,,TRUE,Color,Blush,Size,XS,LV-CLARISSE-BLU-XS,450,shopify,50,deny,manual,360.00,420.00,TRUE,TRUE,,,,,FALSE,,,Apparel & Accessories > Clothing > Dresses,,kg,,active
clarisse-halter-neck-satin-slip,,,La Vee Atelier,Apparel & Accessories > Clothing > Dresses,,,TRUE,Color,Blush,Size,S,LV-CLARISSE-BLU-S,450,shopify,50,deny,manual,360.00,420.00,TRUE,TRUE,,,,,FALSE,,,Apparel & Accessories > Clothing > Dresses,,kg,,active
clarisse-halter-neck-satin-slip,,,La Vee Atelier,Apparel & Accessories > Clothing > Dresses,,,TRUE,Color,Blush,Size,M,LV-CLARISSE-BLU-M,450,shopify,50,deny,manual,360.00,420.00,TRUE,TRUE,,,,,FALSE,,,Apparel & Accessories > Clothing > Dresses,,kg,,active
clarisse-halter-neck-satin-slip,,,La Vee Atelier,Apparel & Accessories > Clothing > Dresses,,,TRUE,Color,Blush,Size,L,LV-CLARISSE-BLU-L,450,shopify,50,deny,manual,360.00,420.00,TRUE,TRUE,,,,,FALSE,,,Apparel & Accessories > Clothing > Dresses,,kg,,active
clarisse-halter-neck-satin-slip,,,La Vee Atelier,Apparel & Accessories > Clothing > Dresses,,,TRUE,Color,Blush,Size,XL,LV-CLARISSE-BLU-XL,450,shopify,50,deny,manual,360.00,420.00,TRUE,TRUE,,,,,FALSE,,,Apparel & Accessories > Clothing > Dresses,,kg,,active
clarisse-halter-neck-satin-slip,,,La Vee Atelier,Apparel & Accessories > Clothing > Dresses,,,TRUE,Color,Ivory,Size,XXS,LV-CLARISSE-IVO-XXS,450,shopify,50,deny,manual,360.00,420.00,TRUE,TRUE,,,,,FALSE,,,Apparel & Accessories > Clothing > Dresses,,kg,,active
clarisse-halter-neck-satin-slip,,,La Vee Atelier,Apparel & Accessories > Clothing > Dresses,,,TRUE,Color,Ivory,Size,XS,LV-CLARISSE-IVO-XS,450,shopify,50,deny,manual,360.00,420.00,TRUE,TRUE,,,,,FALSE,,,Apparel & Accessories > Clothing > Dresses,,kg,,active
clarisse-halter-neck-satin-slip,,,La Vee Atelier,Apparel & Accessories > Clothing > Dresses,,,TRUE,Color,Ivory,Size,S,LV-CLARISSE-IVO-S,450,shopify,50,deny,manual,360.00,420.00,TRUE,TRUE,,,,,FALSE,,,Apparel & Accessories > Clothing > Dresses,,kg,,active
clarisse-halter-neck-satin-slip,,,La Vee Atelier,Apparel & Accessories > Clothing > Dresses,,,TRUE,Color,Ivory,Size,M,LV-CLARISSE-IVO-M,450,shopify,50,deny,manual,360.00,420.00,TRUE,TRUE,,,,,FALSE,,,Apparel & Accessories > Clothing > Dresses,,kg,,active
clarisse-halter-neck-satin-slip,,,La Vee Atelier,Apparel & Accessories > Clothing > Dresses,,,TRUE,Color,Ivory,Size,L,LV-CLARISSE-IVO-L,450,shopify,50,deny,manual,360.00,420.00,TRUE,TRUE,,,,,FALSE,,,Apparel & Accessories > Clothing > Dresses,,kg,,active
clarisse-halter-neck-satin-slip,,,La Vee Atelier,Apparel & Accessories > Clothing > Dresses,,,TRUE,Color,Ivory,Size,XL,LV-CLARISSE-IVO-XL,450,shopify,50,deny,manual,360.00,420.00,TRUE,TRUE,,,,,FALSE,,,Apparel & Accessories > Clothing > Dresses,,kg,,active
